Hours_Studied,Marks
4.49,21.08
11.41,80.02
8.78,74.16
7.18,45.73
1.87,26.1
1.87,14.26
0.7,6.43
10.39,80.37
7.21,65.44
8.5,75.81
0.25,5.33
11.64,98.76
9.99,77.79
2.55,25.81
2.18,14.08
2.2,17.63
3.65,26.46
6.3,45.8
5.18,34.58
3.49,32.63
7.34,71.84
1.67,25.1
3.51,15.48
4.4,48.06
5.47,40.6
9.42,81.38
2.4,10.11
6.17,50.79
7.11,60.01
0.56,0.0
7.29,64.41
2.05,29.83
0.78,4.5
11.39,100.0
11.59,90.8
9.7,86.1
3.66,7.06
1.17,33.56
8.21,80.64
5.28,39.41
1.46,0.0
5.94,50.42
0.41,0.0
10.91,91.74
3.11,28.96
7.95,54.19
3.74,41.13
6.24,57.98
6.56,62.24
2.22,17.83
11.64,78.92
9.3,84.19
11.27,87.49
10.74,72.01
7.17,70.92
11.06,100.0
1.06,8.08
2.35,40.41
0.54,5.25
3.9,27.43
4.66,31.01
3.26,42.42
9.94,71.76
4.28,41.6
3.37,21.38
6.51,47.5
1.69,23.83
9.63,73.21
0.89,3.11
11.84,100.0
9.27,90.11
2.38,25.52
0.07,0.0
9.79,73.18
8.48,68.66
8.75,73.19
9.26,64.16
0.89,14.34
4.3,35.27
1.39,0.0
10.36,73.57
7.48,54.8
3.97,31.04
0.76,24.99
3.73,32.24
3.9,22.81
8.76,72.25
7.65,57.68
10.65,88.42
5.67,51.14
1.44,23.57
8.56,68.23
9.13,89.42
6.74,62.96
9.25,66.94
5.93,69.5
6.27,53.45
5.13,32.69
0.31,18.97
1.29,31.14
0.38,2.69
7.64,56.06
3.77,28.45
6.1,55.97
10.89,99.9
2.99,29.64
4.92,40.41
9.07,87.51
2.75,18.84
0.92,17.7
3.48,24.94
1.93,19.79
11.16,88.12
9.7,77.02
7.6,57.03
10.46,97.11
9.64,69.82
2.24,10.51
10.71,100.0
6.47,61.56
9.69,53.66
10.75,80.37
3.82,12.41
1.32,1.06
2.74,0.0
5.13,39.63
9.82,67.11
10.33,83.23
0.08,0.0
6.13,49.86
5.01,35.92
2.67,36.34
1.44,25.62
4.05,40.26
11.31,87.25
3.88,50.88
6.23,34.27
8.44,53.45
4.36,34.07
11.66,100.0
11.55,90.37
3.02,22.34
5.97,33.32
3.61,38.34
3.42,36.88
0.44,11.43
7.31,52.23
6.03,41.19
0.62,0.0
3.34,27.59
10.9,76.39
2.87,11.22
1.74,9.67
5.87,42.1
11.83,89.24
2.9,27.9
8.07,65.32
9.14,70.23
2.85,24.64
8.74,59.99
4.41,36.36
7.59,62.21
7.6,45.79
6.43,61.39
1.08,0.0
10.02,81.09
3.85,42.44
2.24,27.16
0.49,4.26
7.09,53.1
8.13,74.52
0.2,8.34
6.15,42.98
2.72,13.79
7.74,41.21
2.09,18.28
8.29,65.5
4.64,48.49
11.24,93.52
1.65,26.54
4.09,25.77
1.36,22.27
11.1,83.48
10.53,92.0
3.1,10.17
7.92,65.71
9.81,58.61
6.66,50.63
6.36,55.25
2.9,18.01
1.12,0.0
10.77,94.59
10.81,85.41
7.6,55.88
4.07,32.97
4.19,59.89
8.71,81.23
10.77,97.75
10.65,89.52
9.36,76.53
7.7,37.67
1.01,1.29
1.94,10.71
10.78,67.51
7.28,46.64
0.11,0.0
1.22,9.36
7.96,71.88
0.06,11.55
1.93,19.59
6.58,43.04
8.3,47.1
7.82,45.02
2.69,8.84
8.55,59.48
2.85,21.18
3.9,21.1
8.96,75.05
7.8,60.04
10.19,81.63
7.89,74.53
6.82,42.76
1.12,13.18
4.41,35.16
3.18,22.12
2.93,32.28
11.68,100.0
4.72,28.27
10.7,83.81
7.57,63.4
9.54,73.57
6.03,54.1
6.92,58.19
5.91,65.61
2.34,3.44
8.67,68.13
3.37,17.87
0.29,8.38
7.75,45.79
2.13,20.47
11.29,83.98
11.45,84.24
10.98,73.36
4.44,30.88
0.19,12.33
11.14,88.87
5.14,47.38
11.6,100.0
11.56,95.15
10.24,76.3
3.53,32.94
4.62,31.53
10.21,76.66
3.8,15.23
2.03,25.53
6.68,49.59
11.23,91.69
8.35,56.46
6.84,59.09
1.17,1.71
7.38,57.62
11.88,100.0
1.68,21.36
6.22,49.54
10.53,66.55
8.89,100.0
8.36,84.37
8.43,74.67
4.31,26.98
3.52,27.05
9.71,72.26
9.72,90.41
10.4,85.86
10.96,79.83
6.14,44.38
6.02,59.36
9.58,92.64
7.8,77.68
8.42,74.96
9.55,73.87
10.68,53.03
4.06,35.42
4.51,36.04
1.13,10.42
6.94,56.05
0.43,0.0
5.59,50.27
6.51,58.42
3.44,34.33
7.09,66.19
0.37,8.97
0.45,0.0
9.87,78.26
4.32,35.49
1.52,13.27
6.27,60.12
9.24,80.36
2.59,41.49
7.47,81.86
1.02,8.99
0.62,0.0
6.38,63.38
6.49,46.5
7.65,53.18
8.71,65.72
11.71,89.22
6.2,55.69
3.88,15.41
9.54,65.56
3.25,29.43
5.27,48.37
0.94,13.95
0.3,0.0
11.55,82.63
10.03,75.19
8.35,69.21
4.91,54.11
2.08,0.0
1.88,12.81
3.0,10.7
6.59,36.2
8.58,78.27
7.92,68.83
3.36,31.37
11.46,100.0
8.85,66.04
6.65,48.89
7.34,80.58
5.04,37.82
2.97,31.13
4.27,34.24
9.09,54.27
0.17,0.0
1.39,5.35
0.55,14.98
0.49,11.79
10.27,91.26
8.44,57.68
5.69,61.68
1.17,0.0
5.9,49.32
5.68,45.35
2.08,14.89
5.21,55.04
4.78,31.21
7.39,45.63
7.62,61.17
0.54,0.35
4.5,69.74
7.51,66.85
6.04,44.21
10.28,71.66
7.9,44.43
1.96,5.39
0.85,7.92
7.71,75.95
0.32,13.76
7.03,58.53
11.28,87.03
6.91,57.93
4.66,32.08
7.72,78.94
5.5,42.1
6.55,51.52
11.3,68.22
4.63,35.11
11.53,100.0
10.86,76.24
2.35,11.29
0.83,14.59
1.21,0.0
0.22,12.33
1.13,3.75
8.2,61.68
0.85,0.0
3.83,34.4
10.14,100.0
0.28,10.05
9.77,69.55
3.38,38.41
1.42,8.18
8.36,80.63
7.55,68.45
10.53,54.81
8.82,60.53
9.64,86.58
3.38,28.59
2.13,6.8
9.01,65.72
9.68,58.39
11.89,94.2
4.95,61.72
4.46,43.76
9.32,96.44
4.09,41.54
11.17,99.63
10.3,100.0
5.15,44.96
9.01,70.21
9.05,82.76
1.24,24.44
10.83,81.85
6.06,41.29
9.92,80.73
3.84,39.04
10.75,93.95
4.67,23.12
0.13,20.16
10.86,80.51
1.1,6.11
3.83,21.63
11.4,100.0
11.41,93.68
6.88,46.54
7.58,69.3
5.38,50.74
3.52,26.27
3.94,39.96
8.07,56.31
9.03,67.3
9.5,55.89
9.48,62.56
1.09,26.83
5.93,63.88
0.69,6.18
6.59,69.38
5.3,40.79
10.65,82.79
4.21,34.25
1.4,9.99
1.72,11.58
9.14,84.54
7.42,60.85
1.21,16.83
1.01,18.39
8.41,71.17
0.87,0.0
9.86,65.37
8.47,69.29
0.98,6.1
1.02,9.02
11.84,94.56
4.49,61.77
4.45,22.28
9.75,58.13
11.37,94.26
11.83,90.89
9.04,75.48
4.52,41.96
1.0,20.86
9.33,59.53
6.7,48.04
5.09,45.01
10.88,94.71
1.33,32.61
5.91,56.85
0.14,0.52
5.62,36.09
0.68,0.0
1.43,5.48
1.41,17.83
7.79,64.89
8.95,58.38
7.0,51.64
11.55,100.0
4.5,39.5
3.43,33.11
10.42,87.21
2.68,37.73
11.56,94.83
0.15,0.0
11.64,83.95
0.52,6.64
10.69,61.14
6.33,48.82
11.92,93.27
0.89,0.0
6.65,43.89
11.63,100.0
6.28,52.52
7.55,61.44
8.35,69.86
5.45,44.56
7.53,72.67
7.01,57.33
10.81,71.93
0.55,20.66
3.37,30.68
11.4,85.35
10.68,72.93
5.47,47.7
7.44,58.36
3.33,42.37
2.26,14.6
5.56,36.14
4.24,42.88
7.0,65.28
0.93,9.15
11.69,100.0
11.83,94.3
8.38,69.36
6.43,63.12
3.71,35.97
9.77,76.43
8.22,79.26
1.95,0.0
10.93,100.0
9.87,61.9
11.4,84.91
8.71,69.26
7.36,57.42
5.02,50.22
11.19,78.96
10.39,85.75
0.54,0.0
0.32,5.48
4.52,35.49
9.73,78.74
11.85,89.28
1.81,9.34
7.13,59.91
4.57,46.0
11.64,87.13
10.11,72.16
10.06,86.61
5.62,44.67
4.98,48.13
3.28,17.19
0.68,0.0
10.38,77.68
9.75,70.37
12.0,95.19
11.96,89.31
6.67,60.73
9.23,70.94
11.34,92.2
10.2,83.14
2.97,25.69
5.41,43.01
1.55,17.51
11.45,83.63
7.27,72.19
2.74,19.58
8.06,51.37
7.42,61.22
4.3,25.87
1.36,17.55
8.06,86.57
6.24,42.08
9.27,77.47
6.24,32.38
10.23,86.35
6.62,44.13
6.73,47.6
10.52,73.15
4.84,46.06
1.61,22.94
0.35,3.0
9.06,63.85
7.44,75.44
8.45,60.09
2.56,0.0
1.64,17.68
0.17,0.0
4.21,43.54
7.08,52.82
4.71,43.69
5.25,56.01
10.85,74.71
4.18,27.77
6.17,48.59
9.4,90.61
4.76,31.48
7.47,53.78
10.35,87.57
11.39,85.38
1.76,15.64
11.12,73.44
5.91,69.39
3.1,11.31
5.51,40.86
11.76,93.76
5.91,66.42
3.95,18.31
7.6,80.64
2.88,30.63
0.91,11.45
1.55,2.53
1.54,18.0
1.82,7.35
1.67,25.99
7.69,51.81
2.18,16.33
4.15,27.63
10.76,76.22
5.69,52.91
8.01,69.44
2.07,28.63
2.31,0.66
0.49,14.57
2.03,41.27
3.34,22.23
2.12,35.94
1.06,5.88
1.45,0.0
5.53,41.18
2.48,30.29
4.37,26.59
6.04,42.32
8.28,72.21
0.47,3.8
9.59,82.59
7.53,62.66
0.98,12.65
10.48,79.54
11.05,90.72
0.73,0.0
3.32,39.46
9.67,71.05
8.98,83.12
2.21,15.38
2.51,22.12
4.45,30.62
5.81,36.35
7.42,41.9
4.43,24.86
5.55,41.16
8.97,73.88
0.44,13.63
3.03,19.78
8.56,59.66
10.74,71.51
6.14,53.92
6.39,64.91
1.29,22.95
5.37,50.05
6.39,57.52
2.91,40.25
3.23,29.17
4.53,42.68
0.24,0.0
3.86,17.3
2.54,13.46
3.93,31.35
1.44,12.11
10.69,100.0
7.12,57.8
8.15,76.98
9.47,71.41
5.98,44.73
1.04,0.0
6.45,44.14
7.04,61.61
8.95,71.64
5.18,50.87
1.53,14.06
3.41,23.72
4.36,56.34
7.75,61.07
6.85,66.42
4.27,30.17
11.84,100.0
7.27,67.43
2.85,24.86
1.22,0.0
1.83,14.86
2.95,35.92
1.93,20.7
2.24,22.37
3.42,10.15
2.08,9.44
10.76,90.2
0.96,11.81
6.29,62.5
4.92,37.95
11.79,98.37
1.34,10.92
4.77,28.32
11.63,70.51
10.39,87.4
9.8,80.18
3.09,18.58
2.05,0.21
8.02,70.49
11.15,86.56
6.68,59.02
6.86,73.52
3.36,5.46
9.23,66.88
2.24,15.86
3.88,45.62
5.11,24.48
6.09,68.09
2.91,24.63
1.38,10.06
7.33,56.64
3.46,23.35
6.97,66.28
1.85,4.13
5.77,49.64
6.39,47.29
0.62,0.0
4.04,58.17
1.61,17.09
0.76,12.22
11.88,100.0
3.87,16.73
9.72,95.27
3.06,0.0
8.18,57.74
9.12,68.39
7.15,63.0
5.66,47.46
4.94,37.87
4.19,33.37
11.15,79.45
9.97,64.77
11.58,99.91
1.49,18.87
8.77,86.01
11.26,82.18
2.17,24.33
0.8,3.55
8.89,83.05
6.89,65.37
10.1,82.93
1.68,10.02
9.54,85.95
2.42,25.83
1.96,8.87
1.97,2.49
9.77,75.31
7.98,79.01
6.28,61.68
4.31,23.32
10.53,72.53
4.71,50.42
9.8,67.04
5.27,47.25
4.52,30.03
5.55,60.59
3.62,21.23
8.97,83.2
6.03,50.11
2.79,24.81
10.79,66.66
4.61,14.82
6.52,49.98
10.88,89.49
7.49,48.67
1.4,0.34
11.28,95.84
7.53,65.89
4.02,30.77
1.67,21.17
9.53,64.48
7.44,55.97
6.4,67.69
10.73,86.5
9.46,76.97
1.82,37.62
3.74,15.93
2.98,31.82
8.93,88.06
0.4,0.0
6.84,63.31
9.15,63.38
10.52,77.3
4.1,36.69
9.86,86.83
1.33,21.83
10.16,96.96
1.53,11.56
4.77,50.08
9.57,73.12
1.8,23.41
2.75,24.08
8.67,73.79
8.64,73.36
7.69,45.5
8.33,55.38
6.51,53.13
3.02,7.3
4.15,41.5
2.18,26.15
10.9,90.48
7.0,44.79
4.81,52.28
5.54,64.72
11.37,92.41
1.84,19.83
7.03,58.3
6.07,53.87
7.34,57.5
0.22,1.39
10.47,92.78
11.19,100.0
6.78,40.25
8.36,65.84
11.07,76.76
8.49,83.82
1.83,8.77
6.92,40.89
7.28,64.63
5.09,58.16
8.84,77.33
11.21,91.75
11.11,92.95
5.41,57.43
1.36,2.13
11.82,93.43
10.07,76.01
1.5,0.29
11.05,85.12
10.44,94.59
6.23,55.47
7.1,63.21
4.79,39.77
0.66,10.49
4.02,24.17
9.63,73.98
0.06,2.36
4.0,34.79
4.78,41.43
6.45,50.21
11.04,84.53
4.16,64.83
4.16,42.38
8.85,74.93
5.43,41.08
2.7,17.05
5.43,42.13
1.69,16.45
2.12,0.0
5.98,32.15
5.03,33.85
10.98,89.9
4.35,32.4
6.97,70.52
7.59,45.87
0.16,0.0
7.96,78.9
2.14,18.4
11.53,100.0
1.78,34.78
4.98,32.87
1.02,7.2
11.96,92.98
6.03,28.66
7.14,54.05
0.8,15.25
9.0,77.4
2.52,26.34
10.78,82.46
2.46,13.13
2.29,31.0
0.44,0.0
5.66,48.26
6.78,55.86
0.79,20.93
9.31,84.16
5.44,30.56
6.29,38.47
5.29,48.1
4.81,37.83
6.72,49.17
1.86,25.06
2.18,19.34
10.34,83.26
11.35,98.63
4.48,32.09
3.25,41.68
7.73,53.94
4.9,45.81
0.3,16.78
1.87,1.22
8.59,65.3
7.91,74.68
0.33,14.17
2.66,19.59
2.77,14.84
8.06,74.06
0.24,13.73
1.25,0.0
9.6,64.75
2.14,19.39
7.83,68.96
2.86,19.87
1.19,16.34
2.92,16.24
8.67,48.19
10.27,77.91
9.96,80.33
4.77,35.37
8.02,52.55
2.46,1.52
3.52,23.0
10.76,95.02
0.16,13.81
1.03,20.09
2.49,11.8
0.32,0.0
2.18,22.38
7.0,62.32
5.06,44.46
10.71,65.56
9.81,69.81
4.1,32.52
3.11,29.78
4.56,44.12
7.08,58.11
3.22,29.04
7.49,60.77
4.91,46.16
6.62,56.13
5.23,42.53
3.53,25.59
11.38,91.86
9.16,78.15
1.68,16.13
10.42,87.18
5.85,60.22
10.73,88.53
9.6,70.3
5.1,49.66
0.27,0.0
3.22,14.98
6.5,55.36
7.6,65.98
3.09,12.31
1.67,9.55
10.02,74.09
11.81,89.64
6.31,59.9
2.06,23.55
3.27,25.95
0.22,0.0
10.97,74.28
1.41,25.51
6.92,61.27
3.29,19.24
6.65,60.4
7.82,61.83
9.96,76.78
2.48,24.17
0.13,0.0
1.64,9.7
10.8,87.62
10.49,78.9
7.17,64.04
7.21,76.34
7.98,56.3
2.1,0.18
10.97,67.77
5.03,38.7
4.6,30.15
6.23,51.89
0.56,5.83
2.0,0.0
8.86,52.7
0.99,10.91
7.24,59.26
2.94,19.3
4.67,20.8
3.46,32.43
4.27,46.86
8.63,71.81
3.57,20.05
6.8,54.82
5.71,32.04
7.96,74.29
11.24,90.75
8.79,52.65
2.58,17.63
0.37,7.63
3.15,21.85
7.14,54.37
0.62,0.0
5.96,53.32
7.16,50.81
4.01,10.52
9.25,70.29
1.28,20.04
0.9,3.34
8.74,87.29
5.95,51.86
8.26,69.47
5.22,40.46
2.96,22.97
9.83,76.0
9.59,73.72
8.34,72.0
3.27,16.77
7.08,45.9
4.33,23.42
1.1,29.25
11.01,93.37
1.64,16.18
11.4,80.65
5.35,49.05
2.22,16.61
6.5,54.16
10.48,74.04
8.79,71.9
9.68,73.19
7.91,55.59
8.31,73.8
10.19,66.15
3.0,29.62
5.87,53.83
2.65,12.44
11.85,86.61
11.33,88.4
0.47,6.61
8.47,66.21
11.1,93.16
2.17,34.97
6.82,49.45
10.99,70.74
0.41,11.52
8.37,83.79
3.57,32.47
11.09,77.86
11.65,91.98
11.33,79.46
5.69,51.95
10.34,69.24
10.13,78.08
3.83,20.59
9.95,80.84
0.44,0.0
7.16,59.01
2.76,22.3
1.45,1.71
0.92,13.66
8.36,66.36
4.08,22.74
8.7,91.99
0.78,11.04
3.78,28.74
6.47,65.94
9.49,94.33
3.83,29.15
7.51,63.56
10.63,75.17
7.39,57.65
2.8,20.37
0.29,4.19
10.44,86.86
0.26,7.64
10.5,86.35
6.35,38.67
11.27,80.77
9.59,71.22
11.98,92.98
4.21,44.18
9.21,62.02
4.82,35.01
5.76,55.6
7.53,57.24
10.48,88.48
11.81,93.08
9.22,76.32
5.01,37.82
5.06,47.12
8.85,55.36
2.87,19.29
1.33,13.57
4.26,39.38
3.45,42.5
3.56,24.54
2.8,37.22
0.51,0.0
0.21,15.0
11.85,100.0
5.13,31.93
4.61,39.97
8.16,64.73
2.62,27.21
11.4,88.96
9.44,72.42
1.07,22.27
5.01,39.1
10.55,92.66
11.34,88.44
5.61,61.54
7.36,52.1
2.0,9.89
11.89,100.0
2.78,17.79
11.31,100.0
7.8,71.28
7.29,56.8
6.15,31.09
2.77,21.95
2.12,17.96
2.65,32.84
2.24,33.78
9.36,67.99
4.2,41.62
0.69,13.21
11.63,100.0
10.61,89.83
11.13,69.64
11.94,93.96
2.09,5.14
4.75,36.01
9.1,82.59
8.35,69.87
1.85,26.25
9.79,81.74
2.69,8.56
2.69,0.0
6.44,53.04
7.12,54.78
6.96,45.92
1.1,0.0
10.53,76.89
3.19,23.55
1.55,19.09
10.66,87.21
11.47,100.0
10.35,72.41
9.71,86.52
7.86,63.38
6.61,59.83
1.04,3.99
4.9,49.93
4.47,38.73
3.12,18.14
8.68,69.33
5.95,45.21
0.97,12.67
2.64,9.34
8.2,65.3
0.91,11.26
10.21,82.05
5.94,61.0
5.77,53.88
7.11,56.8
9.9,81.34
4.17,36.35
8.14,69.12
6.79,36.05
3.2,22.62
10.54,69.5
9.57,89.34
7.9,62.6
10.21,79.72
10.41,92.23
8.5,72.23
10.04,69.07
8.37,66.25
8.16,61.94
7.42,41.94
9.03,65.36
1.9,13.39
10.57,83.41
10.46,68.87
0.35,14.32
9.91,78.26
1.55,12.75
4.02,36.18
8.92,63.5
1.93,20.0
9.82,74.85
9.99,70.92
6.09,54.45
0.08,15.53
3.44,34.8
7.4,68.45
11.77,88.99
7.58,44.68
3.12,39.84
7.61,81.41
6.48,67.27
9.36,71.51
1.28,0.0
9.13,62.4
6.5,35.12
11.56,91.37
4.1,48.88
7.59,59.32
11.18,92.5
1.23,23.6
11.25,85.93
8.25,86.39
0.81,26.43
3.61,27.58
8.5,62.21
0.81,13.44
6.99,52.41
4.15,21.64
7.45,72.42
0.55,16.56
10.46,85.22
11.68,80.83
11.63,80.72
9.0,73.04
1.56,7.49
9.1,69.38
0.3,12.58
0.27,9.46
3.88,44.85
5.86,37.0
9.24,70.53
8.2,73.19
5.35,47.29
3.28,41.59
11.97,99.93
5.11,59.39
5.42,48.73
1.96,26.33
9.54,73.07
8.32,66.74
2.65,30.3
0.99,24.04
8.17,72.62
7.85,62.0
3.28,40.01
11.41,69.36
1.81,0.28
5.19,48.32
11.32,90.73
5.04,46.35
7.66,61.94
4.77,43.88
3.29,18.18
11.81,100.0
4.91,49.24
10.73,98.04
2.76,42.21
2.56,22.9
0.37,5.73
7.82,47.33
4.42,30.06
10.37,81.05
5.68,55.93
11.62,86.84
2.23,25.77
10.42,83.37
9.32,72.78
9.25,76.5
10.14,77.19
9.13,68.77
7.51,43.07
1.57,10.12
0.39,0.0
11.05,83.24
7.4,63.37
9.56,83.05
5.78,48.55
1.41,21.22
1.5,17.77
8.23,62.86
5.16,36.68
2.41,22.38
5.9,52.93
0.77,20.14
6.98,67.78
3.23,20.41
9.57,75.55
3.72,36.5
5.46,54.38
0.14,10.51
0.87,6.32
4.71,25.14
5.76,36.08
7.2,60.33
3.5,31.42
8.34,55.73
10.32,83.02
9.36,81.18
0.48,0.0
5.77,57.18
1.26,6.3
2.9,35.81
11.84,89.39
1.71,3.41
5.99,43.31
7.42,58.39
8.43,63.55
6.72,51.57
0.12,4.28
3.92,29.63
6.21,49.04
1.05,0.0
4.21,37.58
0.4,2.3
0.94,23.65
4.76,28.71
1.59,0.0
6.81,60.66
8.27,69.65
9.61,66.77
2.4,3.92
2.01,31.45
1.25,24.18
7.64,36.22
8.48,63.24
0.38,19.67
11.23,85.12
0.62,0.08
6.5,49.14
8.51,56.86
10.45,66.57
8.57,79.08
9.62,58.54
4.07,35.06
9.78,87.09
0.96,0.0
10.74,76.66
6.57,64.7
9.81,83.79
5.43,37.25
7.72,73.81
6.32,62.6
8.78,72.92
0.98,0.0
0.72,1.66
2.97,26.59
1.91,13.43
10.46,93.08
2.63,5.75
11.71,78.74
4.04,34.15
2.19,12.57
9.48,69.54
7.9,45.56
5.98,48.02
6.66,52.79
8.63,75.58
2.74,22.62
11.96,94.32
11.7,100.0
7.8,49.31
2.39,24.52
8.16,48.59
0.87,0.0
0.37,0.0
3.09,32.56
5.55,43.76
10.42,83.22
8.73,58.74
8.91,68.3
5.11,33.21
4.15,37.04
4.45,25.71
11.85,100.0
0.48,0.0
10.4,75.17
6.94,72.32
5.26,37.76
8.7,56.48
5.84,48.91
10.48,79.09
10.81,78.11
5.06,29.53
3.32,54.26
7.11,54.35
10.95,68.33
2.53,35.16
7.48,65.92
7.58,52.97
8.8,61.05
1.58,19.37
8.59,66.25
10.91,68.01
2.16,35.12
2.85,18.46
11.66,100.0
2.17,30.16
10.25,72.01
5.91,57.59
2.97,17.22
10.45,64.92
5.34,38.5
6.18,53.4
4.31,29.86
7.12,53.85
1.96,27.13
4.69,38.61
11.63,84.63
3.1,31.8
7.88,65.02
3.9,6.0
9.28,78.54
1.57,16.48
11.64,93.3
5.45,52.48
2.83,15.94
0.88,10.42
2.04,0.63
6.24,53.97
4.04,51.88
9.95,69.62
5.17,33.77
2.98,16.78
7.41,60.55
8.48,57.22
2.0,20.25
2.01,24.56
0.44,8.86
8.84,53.01
7.97,73.68
5.7,54.94
10.13,89.34
9.67,81.07
7.02,58.4
10.42,93.68
2.47,39.0
1.34,1.21
3.24,36.68
0.69,4.62
6.37,49.7
11.24,74.55
0.47,0.93
1.47,1.75
5.43,38.77
11.21,78.67
3.79,25.86
6.09,44.63
0.5,4.96
1.78,0.0
11.84,80.26
11.58,96.27
0.06,0.0
11.42,100.0
7.67,63.61
10.42,89.39
5.46,57.76
6.19,46.4
5.87,41.18
8.0,72.74
1.68,18.5
0.36,1.0
3.7,43.48
8.46,65.53
2.42,19.71
8.08,64.86
11.64,83.77
1.13,9.79
8.07,78.54
5.33,47.05
10.42,83.65
2.13,15.39
8.31,69.8
10.06,87.96
11.34,96.78
8.2,62.27
5.97,50.98
7.41,64.11
10.43,73.34
6.85,56.46
0.36,0.0
11.17,94.2
8.27,72.8
8.12,72.42
2.59,16.75
7.91,66.34
4.73,52.05
7.81,76.66
1.28,9.94
7.89,64.55
11.99,100.0
0.58,0.0
11.73,90.58
4.88,52.42
10.45,93.34
9.39,78.8
6.8,39.38
8.86,70.39
10.54,78.44
4.85,42.11
3.92,23.3
8.01,53.83
9.69,56.9
9.15,85.4
9.57,72.59
5.23,43.39
9.81,78.49
1.44,0.87
6.53,39.68
0.07,0.0
3.9,23.93
4.4,38.85
4.75,30.08
8.35,84.23
4.66,47.57
5.38,51.16
2.85,21.61
4.48,50.97
2.73,19.64
0.88,6.71
7.24,59.63
8.02,71.17
7.43,65.84
5.56,39.74
4.56,31.13
10.36,89.28
6.23,56.98
5.75,42.07
0.31,0.0
4.09,30.69
4.56,42.73
4.79,56.34
6.96,43.72
6.4,46.96
7.29,54.46
9.18,86.99
9.76,77.7
8.62,59.87
11.47,97.32
0.22,0.0
2.35,6.55
0.09,0.0
7.77,79.5
10.78,90.05
2.92,24.45
11.12,86.5
0.72,8.71
11.21,92.51
4.22,36.68
1.22,10.88
5.83,55.33
3.08,24.88
3.42,17.57
3.69,23.38
9.64,57.3
6.47,72.03
3.74,38.51
7.32,50.29
8.59,65.93
3.27,19.8
4.96,55.13
1.46,0.0
2.17,18.54
8.17,64.3
2.18,25.69
6.3,49.38
8.51,50.49
1.28,7.75
6.81,44.74
3.08,25.43
11.56,100.0
5.8,29.03
9.67,69.37
6.6,47.29
0.52,0.35
7.6,68.18
11.42,89.6
7.22,61.91
9.83,72.38
10.61,87.18
2.74,29.67
2.54,13.03
7.33,66.47
4.93,39.98
10.08,91.08
10.8,84.39
4.24,37.74
2.84,22.33
9.37,73.97
3.3,28.97
9.87,84.34
5.08,28.18
8.01,78.42
1.15,0.0
7.49,53.04
5.42,42.43
7.04,60.44
2.02,31.89
8.84,52.16
10.35,77.75
2.6,0.0
1.15,9.5
0.28,4.99
7.7,77.54
7.29,59.49
6.56,62.92
2.78,28.11
4.69,33.17
7.13,42.98
5.96,50.44
11.85,79.91
1.64,26.05
8.34,65.11
4.85,50.77
5.14,36.31
8.61,71.58
8.31,68.57
11.9,94.71
1.54,8.0
1.25,13.92
8.69,60.27
6.94,43.43
3.29,38.75
0.95,14.9
1.03,8.88
10.73,100.0
2.3,15.74
3.88,44.27
2.72,23.51
4.26,23.83
0.83,25.15
6.23,59.74
0.81,5.28
9.6,84.11
2.8,18.4
6.48,60.13
10.56,60.58
7.81,52.29
6.4,60.96
3.89,28.64
4.0,34.04
8.03,50.8
11.93,100.0
7.94,75.44
6.69,51.54
8.77,66.1
5.58,54.96
0.72,25.6
6.75,63.52
11.49,100.0
2.1,7.61
8.28,58.05
2.41,7.4
6.43,55.86
1.16,11.04
5.4,41.72
9.07,80.68
4.17,45.69
7.98,48.57
9.55,70.39
11.13,97.21
2.82,17.85
4.79,30.35
1.83,24.82
11.91,82.38
11.12,85.98
6.48,55.12
10.1,75.1
6.25,57.84
7.48,54.18
1.07,22.64
9.06,71.25
1.53,18.97
9.91,86.76
9.38,68.8
8.5,47.5
0.43,7.08
3.64,29.82
3.16,30.82
4.32,32.31
1.05,4.11
11.24,100.0
6.65,38.44
3.67,36.67
4.76,32.36
5.37,39.57
7.21,54.49
6.19,41.47
11.03,93.97
5.96,61.61
11.91,99.95
10.22,82.77
2.5,10.15
11.17,94.51
1.4,32.73
9.81,74.67
4.57,32.78
10.54,78.67
10.42,78.44
9.67,49.92
9.48,79.89
3.66,20.79
0.97,0.0
4.84,46.22
2.08,5.84
8.34,63.33
4.15,47.89
11.71,79.57
7.69,46.21
9.87,81.65
1.59,24.22
10.34,67.01
11.07,92.66
5.84,52.57
7.28,37.61
9.18,81.41
2.1,25.55
6.03,45.13
4.78,50.8
1.76,25.42
4.41,36.31
0.82,2.03
0.31,0.0
1.62,12.6
11.56,98.16
6.59,49.51
11.59,70.74
5.19,54.21
3.74,31.84
6.07,44.79
5.27,50.76
1.27,25.39
7.69,33.5
2.59,25.08
7.44,45.21
7.8,67.41
1.82,15.87
0.74,12.25
9.37,69.96
5.52,25.41
0.7,1.08
11.94,99.58
0.69,15.7
8.34,55.01
11.8,100.0
2.87,16.48
1.71,17.28
1.46,6.55
3.64,30.94
1.21,18.62
8.31,54.18
0.75,0.0
6.11,50.75
11.96,100.0
9.77,69.51
7.38,79.46
3.68,49.44
7.49,58.92
6.32,47.61
5.11,33.98
1.57,11.87
10.64,71.05
5.4,42.42
2.34,33.65
4.41,29.19
4.97,37.35
9.93,62.43
8.8,74.17
9.23,76.5
0.13,1.7
4.99,37.78
5.78,43.28
0.23,6.86
3.12,24.65
9.12,76.14
1.65,15.31
6.42,62.62
2.58,27.43
0.15,3.09
2.89,38.34
11.71,97.89
9.62,90.0
11.51,98.19
5.85,28.41
1.32,23.58
6.58,53.96
5.45,43.1
10.13,83.87
1.18,5.97
5.86,49.14
1.8,8.49
3.9,43.91
8.85,69.65
5.71,41.87
4.51,26.84
4.73,40.56
5.51,45.98
9.42,79.25
10.71,75.37
11.46,75.7
9.44,81.8
3.78,45.13
8.26,55.8
5.25,57.9
3.06,27.29
10.09,80.65
0.46,0.0
10.82,72.72
5.54,54.18
7.65,53.42
7.91,55.5
10.74,95.85
7.64,42.29
7.37,43.7
0.8,6.22
6.22,52.7
1.8,19.26
8.85,67.78
6.15,74.48
8.16,63.02
0.5,1.69
1.02,0.17
8.6,70.01
0.87,13.07
0.86,18.88
0.15,0.0
11.48,89.36
8.85,75.27
4.24,39.78
3.56,28.53
4.2,39.0
9.3,66.28
7.94,79.07
2.22,27.71
2.09,3.27
1.18,0.0
7.92,52.92
9.17,80.16
3.18,12.6
0.25,0.0
0.99,12.44
11.61,92.25
3.55,30.95
9.23,63.19
7.5,65.92
4.58,30.53
2.47,16.5
1.46,14.03
7.38,60.07
9.3,74.6
7.73,54.31
6.36,47.91
0.5,4.05
11.62,79.22
9.58,72.05
3.51,31.99
11.76,81.3
7.22,69.35
6.99,68.61
8.98,59.36
9.74,91.51
7.88,61.59
1.54,16.48
4.06,27.51
11.14,98.33
2.7,25.62
4.47,27.59
5.18,29.83
5.27,27.58
7.36,60.72
11.32,96.26
2.89,29.62
1.46,10.48
2.37,7.39
10.64,78.32
7.75,73.52
3.43,22.6
9.79,79.77
10.34,71.94
10.16,84.63
11.03,83.64
3.03,34.68
9.06,80.22
5.53,39.25
10.1,79.57
8.74,64.42
9.32,60.34
7.87,54.42
2.13,19.02
6.54,55.58
11.82,96.01
11.25,86.97
0.52,13.48
1.98,16.46
1.58,19.68
8.71,51.96
9.81,39.28
2.56,23.33
6.07,34.31
10.09,78.58
8.79,67.33
6.51,67.93
7.08,60.67
6.1,50.46
3.57,36.93
6.78,57.93
8.27,61.56
10.48,94.55
7.64,49.99
9.13,76.3
1.92,0.0
5.54,46.35
0.11,2.83
2.96,40.45
8.72,54.09
11.9,89.2
1.19,17.75
4.82,41.9
9.6,78.61
2.45,10.03
6.66,47.38
8.8,82.83
7.39,58.62
2.26,21.8
4.26,32.97
9.41,63.41
6.65,62.54
0.06,5.53
9.13,96.11
0.42,0.0
8.95,79.82
2.43,6.32
11.5,93.55
4.42,45.09
3.92,10.66
1.79,12.24
3.67,23.71
10.52,77.14
11.96,99.5
4.42,46.56
5.38,41.73
8.66,71.37
10.63,86.22
7.12,56.95
4.7,26.69
4.95,50.7
8.35,69.73
0.04,4.26
7.44,51.42
4.27,29.54
9.53,74.48
1.12,0.0
7.06,39.59
5.77,40.17
7.71,66.89
0.78,0.0
6.96,45.49
6.74,45.76
6.73,49.27
7.24,54.4
8.12,86.6
9.66,87.83
3.24,36.15
9.9,90.89
5.98,37.84
0.92,0.0
0.7,0.0
4.01,45.43
9.42,69.88
8.49,55.42
9.46,71.4
6.21,47.27
5.28,44.94
1.77,16.66
3.94,23.22
5.21,48.52
1.06,2.11
2.65,19.62
7.18,64.3
8.83,64.21
11.98,90.15
11.2,95.5
7.71,53.11
5.05,36.59
7.63,66.63
9.43,95.96
1.42,17.41
4.92,44.08
10.08,85.93
4.61,26.12
6.86,56.06
7.05,56.13
2.21,20.93
4.35,35.94
4.01,35.91
0.31,0.0
0.29,2.91
9.98,67.56
3.28,23.02
6.22,63.64
3.58,31.87
11.29,90.1
3.11,43.85
5.16,27.64
10.47,72.69
10.1,97.95
2.23,18.33
9.63,74.63
5.5,31.99
5.8,50.84
1.6,18.26
0.97,0.0
8.74,68.48
5.96,44.31
5.24,44.5
8.75,58.84
9.19,86.01
1.91,24.41
7.32,54.95
1.62,10.83
9.02,70.77
7.88,55.28
11.48,87.4
0.83,3.92
0.68,21.61
3.39,36.56
3.14,34.47
2.96,27.41
10.88,75.83
2.99,23.54
3.26,35.81
9.11,60.32
5.4,49.54
9.32,97.79
0.78,16.89
5.85,60.95
0.4,5.41
0.75,15.69
10.88,79.84
1.67,21.33
6.39,57.66
4.93,42.36
4.17,46.51
10.8,81.0
0.26,0.22
7.97,64.68
11.56,82.19
6.72,56.05
11.24,72.75
0.63,15.49
5.03,40.67
3.12,19.77
8.77,61.82
11.78,91.86
3.08,31.51
7.85,68.28
2.38,11.96
6.78,45.81
5.57,51.11
11.66,86.09
7.3,59.02
4.19,34.79
1.37,14.07
1.81,23.1
2.7,9.0
3.01,4.98
10.21,75.98
6.73,71.89
6.28,70.47
1.38,29.33
10.32,80.64
8.67,51.57
0.81,0.0
8.49,61.81
6.52,50.2
0.98,20.85
5.5,52.67
5.82,48.8
1.99,7.02
11.35,81.18
10.2,84.14
8.03,71.2
5.55,48.3
4.94,29.18
7.81,69.0
6.55,56.62
0.75,0.0
6.15,41.36
9.68,84.3
5.51,41.74
0.62,20.88
9.44,80.49
2.42,14.46
3.1,24.73
1.98,16.45
3.96,24.42
9.08,63.52
6.23,56.87
2.46,28.12
10.53,90.31
10.55,99.59
10.45,78.16
2.87,39.67
5.41,34.31
11.82,84.43
9.26,56.51
0.33,0.0
0.78,1.22
5.57,49.8
10.91,89.72
6.46,39.79
5.97,43.86
1.27,6.41
7.88,45.29
9.87,69.11
4.57,28.81
9.31,88.79
11.57,94.5
2.45,26.18
6.28,35.25
3.45,39.51
9.51,89.13
6.93,35.47
7.61,53.87
9.57,81.56
4.75,44.46
10.98,81.06
6.4,48.12
1.9,9.19
8.35,67.91
9.52,88.12
3.8,22.7
10.29,92.3
10.87,79.17
3.32,18.11
11.8,100.0
1.69,22.73
2.42,27.91
2.21,4.53
10.73,81.16
7.85,71.04
1.83,15.02
5.28,31.53
7.38,63.65
1.0,0.86
10.59,100.0
9.64,92.59
6.06,54.54
11.61,100.0
5.01,40.75
11.81,100.0
8.02,78.9
7.62,63.38
1.99,13.38
10.58,67.62
5.13,40.21
1.95,23.81
0.15,10.67
6.72,58.78
6.33,45.22
8.63,49.29
10.68,80.51
0.95,4.58
8.78,67.09
2.25,24.18
10.3,100.0
9.83,79.87
6.49,49.75
8.52,65.59
3.77,31.42
5.65,36.95
9.86,80.08
5.51,48.6
4.29,36.45
5.93,52.02
9.94,83.85
4.02,14.46
2.09,23.05
8.54,61.64
9.91,68.34
1.21,0.0
2.88,27.36
1.7,11.4
4.18,16.58
5.4,48.01
8.99,57.49
7.81,63.91
7.45,61.99
4.23,42.68
10.1,98.6
5.66,31.6
11.75,93.47
7.61,58.11
1.52,16.46
8.11,67.07
3.9,27.68
8.24,61.48
0.84,0.0
2.1,26.67
10.27,86.74
2.73,30.99
10.04,77.25
3.35,20.24
7.71,50.93
8.33,70.23
6.15,38.82
3.66,47.8
2.55,7.34
0.4,5.92
3.65,44.85
7.84,68.69
11.26,91.83
10.45,73.95
9.19,59.72
9.46,83.39
7.98,78.9
3.12,20.6
10.89,75.7
8.05,39.81
6.73,43.99
1.33,9.52
5.36,58.91
5.52,50.93
10.37,86.05
6.56,48.48
4.56,30.69
11.72,100.0
1.33,12.64
5.07,19.54
0.5,0.0
8.88,62.45
11.02,82.67
3.36,32.51
10.3,81.33
3.51,27.28
10.93,100.0
9.05,65.42
9.66,95.91
0.22,0.0
11.55,93.32
8.72,66.95
3.66,30.49
9.95,84.07
3.38,31.36
10.47,76.25
1.35,0.0
8.44,92.59
6.49,47.07
1.16,16.26
2.9,7.15
0.15,0.0
5.63,43.73
3.62,33.65
7.18,30.22
3.57,30.2
3.6,17.29
8.92,74.59
0.58,0.0
10.83,78.12
10.23,79.08
8.01,53.59
7.12,52.19
10.71,73.73
2.22,0.0
0.95,17.76
2.87,10.03
9.53,74.49
0.42,10.86
6.99,49.8
11.95,87.31
10.27,84.41
6.26,61.24
0.76,0.0
9.98,78.31
7.19,40.18
1.38,7.1
1.13,9.35
10.92,78.78
8.03,59.67
9.95,65.53
10.55,85.15
6.86,65.45
6.21,38.7
5.17,35.09
3.8,35.45
5.22,53.84
9.29,59.36
7.22,56.1
10.71,88.51
5.32,41.54
7.29,33.51
7.58,65.62
7.1,72.0
8.43,68.62
2.85,12.48
6.15,44.06
1.25,27.7
4.61,46.01
5.85,53.22
7.83,66.18
11.41,84.64
7.21,55.66
8.92,70.61
6.08,54.1
7.61,75.96
0.85,17.99
3.05,10.23
4.34,36.98
5.67,52.73
0.55,10.57
1.68,7.15
3.32,55.72
11.66,80.5
3.98,20.98
5.78,48.61
2.35,39.99
7.33,50.27
3.37,24.29
2.48,30.64
6.2,49.41
0.07,0.0
0.09,6.39
2.63,23.76
0.44,13.83
1.3,23.29
4.07,35.6
9.63,79.97
6.86,57.06
6.15,54.11
3.52,28.73
11.18,89.44
4.76,50.08
1.05,23.52
7.4,44.16
1.37,11.03
4.14,26.25
6.09,45.6
10.49,87.95
5.92,54.07
8.43,66.3
11.91,76.18
1.58,2.97
3.3,35.34
4.73,10.48
5.06,52.37
4.93,44.67
10.89,100.0
8.57,66.56
7.29,37.74
3.71,34.0
9.89,91.83
11.46,100.0
9.85,72.21
0.02,1.02
7.64,55.77
0.61,0.0
3.09,34.28
0.71,0.0
7.25,49.03
8.24,54.87
1.37,0.0
4.61,38.31
5.47,55.41
4.43,33.58
1.45,0.0
5.03,48.62
9.01,88.97
0.85,0.35
0.96,2.91
4.26,39.21
11.3,100.0
8.02,58.98
8.14,51.83
4.34,41.06
7.12,64.98
0.12,1.03
7.63,55.48
10.96,97.62
7.35,64.09
10.48,76.19
8.69,69.99
1.45,0.0
10.83,93.49
0.8,3.76
6.41,46.9
1.71,13.32
0.14,1.53
5.06,49.46
3.54,34.23
5.83,45.09
6.93,63.05
0.52,8.21
1.48,7.54
6.7,52.38
4.12,31.46
8.75,75.05
7.83,58.95
10.15,77.27
8.31,86.17
5.16,50.67
8.08,57.0
3.3,32.15
3.68,30.59
9.47,79.66
5.36,44.23
9.58,88.54
9.87,82.41
10.29,81.71
11.0,98.42
5.17,43.71
3.83,31.83
6.99,59.03
4.45,34.7
7.21,57.8
8.47,61.87
8.26,58.58
4.49,25.97
2.0,2.1
5.17,32.53
1.71,11.95
10.68,86.48
4.15,30.49
1.85,0.0
0.31,18.19
7.75,72.86
7.64,65.6
4.09,51.77
0.86,0.0
4.92,58.2
3.73,20.22
8.13,67.39
7.27,45.42
4.38,35.15
2.61,24.78
11.86,93.3
5.45,50.72
8.26,67.06
1.69,8.27
5.83,40.95
0.33,10.75
6.07,41.99
11.57,100.0
4.61,49.11
0.47,0.0
0.37,14.3
4.66,57.85
1.92,17.88
0.28,8.23
9.07,82.97
5.5,41.26
3.47,29.59
10.8,73.27
1.39,12.54
11.47,96.75
3.77,35.3
10.66,95.94
7.24,50.13
9.92,74.04
11.81,100.0
3.46,26.18
11.53,94.27
4.67,36.72
4.63,28.79
4.08,48.91
6.5,46.7
1.85,3.53
6.64,48.65
6.5,31.99
9.14,66.63
10.0,70.35
5.29,48.46
3.63,22.29
3.11,33.77
2.34,32.67
0.69,13.35
4.11,30.72
3.24,27.35
11.6,77.53
6.69,52.2
4.17,24.73
6.97,62.67
1.67,39.09
5.33,47.63
7.51,40.21
5.87,43.32
4.82,39.8
11.93,96.28
10.56,77.2
7.48,62.3
6.83,42.24
7.45,50.13
2.42,25.78
4.74,27.78
0.47,9.17
5.71,31.96
6.52,69.78
2.73,14.12
11.57,90.31
10.91,90.61
8.67,63.67
6.4,52.64
10.44,89.27
1.57,22.15
9.49,83.8
1.5,10.26
9.53,74.78
3.31,49.96
10.53,93.7
11.33,81.41
1.79,15.28
5.55,41.07
11.77,92.82
5.8,34.11
10.36,78.78
7.06,74.63
4.5,41.82
3.43,2.52
2.44,31.68
9.14,84.03
4.64,33.52
6.14,56.26
5.91,38.67
6.93,50.72
10.39,98.08
11.77,91.43
4.89,20.43
9.93,78.81
9.17,72.61
6.88,67.04
11.47,91.92
2.41,15.03
1.31,20.94
10.25,83.19
5.27,34.66
10.16,92.86
10.72,87.67
0.75,6.03
10.6,86.59
5.38,32.33
6.13,43.72
7.52,60.19
11.12,86.99
0.23,14.56
5.72,47.95
8.25,74.57
8.67,69.47
8.31,77.05
1.61,16.88
3.59,28.88
4.3,34.3
9.65,67.68
3.35,31.83
2.53,19.83
11.49,86.9
0.11,11.92
11.97,83.29
8.12,60.75
9.94,89.81
3.54,31.44
0.17,0.9
8.85,73.35
10.01,81.87
8.89,55.92
1.71,10.22
9.04,88.49
9.23,67.22
7.9,60.04
9.19,68.13
10.15,80.34
7.36,53.07
1.06,13.37
5.85,48.79
0.93,15.19
4.89,28.61
4.89,35.68
0.79,4.08
4.19,38.04
1.33,2.72
9.7,86.75
11.37,100.0
0.87,0.0
11.46,86.78
6.27,44.85
3.59,55.08
0.92,3.08
6.01,64.84
9.53,63.61
8.49,57.98
0.6,0.0
0.87,0.0
4.83,36.0
3.54,21.26
2.79,14.12
3.37,38.56
9.64,89.37
11.15,98.7
4.86,44.13
10.87,87.91
3.86,25.89
5.72,36.21
2.71,25.33
7.69,49.75
11.75,84.04
7.24,69.46
4.29,53.36
7.77,66.12
1.48,22.86
10.66,82.85
6.04,34.92
5.39,49.26
7.03,61.94
7.5,60.7
0.86,4.47
8.19,75.15
2.9,13.37
8.57,60.8
9.87,68.88
9.65,78.03
6.63,42.16
6.24,43.09
1.71,6.66
9.3,71.83
3.26,11.18
5.96,48.55
3.41,39.76
1.61,14.2
7.55,75.85
0.65,18.56
8.98,79.65
3.81,31.24
0.0,0.24
6.13,56.71
0.56,0.58
3.31,7.69
8.48,72.79
0.75,0.0
10.07,70.96
0.05,0.37
2.96,22.74
8.89,57.01
3.8,32.02
1.22,19.44
4.32,23.3
3.24,38.68
10.11,65.3
3.76,51.25
9.47,71.62
10.7,87.08
5.21,22.73
10.92,86.73
4.53,38.51
11.57,91.69
1.07,2.94
8.24,56.49
5.93,58.71
4.65,37.52
7.59,76.15
8.45,62.31
0.05,0.0
2.0,24.18
8.56,52.22
8.0,51.84
11.59,100.0
9.13,61.34
11.41,73.08
8.43,86.13
3.58,14.67
1.26,11.96
9.38,75.75
7.73,33.73
0.58,1.95
4.32,39.05
11.48,95.4
6.0,57.07
5.19,37.67
5.49,51.06
2.51,13.16
4.42,21.29
4.44,22.52
0.63,0.0
9.21,83.78
5.0,24.84
9.87,81.67
10.2,78.97
2.54,19.32
7.89,76.74
5.67,40.95
10.56,90.61
2.59,21.09
8.13,63.55
7.29,81.34
3.54,13.94
1.64,26.01
7.82,69.12
8.86,66.11
3.79,46.59
7.74,43.42
4.74,32.71
8.56,56.38
2.39,23.25
10.68,74.33
3.45,31.92
4.41,33.44
0.7,0.78
1.34,14.59
6.19,46.84
3.21,14.8
10.03,100.0
0.18,0.0
4.55,14.22
4.05,23.96
0.23,0.0
1.49,20.2
4.96,42.93
5.91,51.3
4.85,35.11
6.37,48.18
7.14,53.42
0.12,0.14
5.57,52.91
11.56,95.86
6.23,54.83
8.13,70.04
3.74,38.78
9.29,77.18
9.28,77.79
6.26,61.93
11.71,87.05
1.51,3.5
0.2,0.0
9.24,75.76
9.69,58.95
1.44,16.16
3.19,24.4
0.21,13.03
3.52,21.44
9.28,72.19
6.22,60.95
4.18,47.25
4.46,28.89
0.02,1.95
3.6,31.73
7.76,65.8
11.69,90.9
10.16,94.13
0.28,0.0
10.78,82.05
9.4,79.67
9.36,79.49
5.5,57.5
4.78,50.19
3.63,26.22
0.79,19.31
2.74,14.77
2.96,32.98
5.81,64.58
8.97,83.9
5.69,46.54
0.69,2.24
11.49,76.66
11.31,93.61
9.42,64.23
11.9,87.24
6.53,40.36
11.55,87.82
0.91,6.98
4.39,37.84
2.7,15.63
2.35,29.49
1.69,11.44
7.47,51.87
9.38,77.27
6.94,75.15
1.76,17.46
9.73,74.24
7.63,45.78
4.66,35.07
8.09,67.07
3.12,21.08
4.14,16.48
11.01,79.57
3.49,42.43
5.64,59.46
10.68,76.59
8.49,74.67
0.75,0.0
1.77,28.18
0.09,3.21
7.57,70.06
5.37,25.83
1.61,19.67
11.5,91.88
6.36,59.37
2.9,32.37
6.01,48.72
8.16,59.24
0.91,15.12
3.3,25.77
9.68,68.74
5.52,34.93
6.56,37.7
5.19,36.45
0.53,15.24
1.99,17.69
5.35,37.47
2.51,28.13
0.6,0.0
10.12,81.94
11.77,92.4
9.52,83.93
10.25,66.19
2.9,14.73
11.53,75.84
2.36,16.31
11.42,100.0
11.94,90.45
8.54,63.22
11.77,100.0
6.83,65.36
3.11,24.03
5.24,48.8
7.12,46.21
0.88,20.8
7.47,81.23
11.77,99.41
2.28,0.0
9.51,70.51
10.89,93.29
11.32,86.38
11.52,100.0
6.26,55.94
11.73,86.76
9.09,73.02
1.94,6.58
5.72,43.96
8.62,63.41
2.97,35.49
7.69,82.66
8.0,49.68
1.95,0.0
6.78,51.8
9.26,58.89
5.99,48.36
0.15,8.65
0.11,15.81
4.28,36.29
11.11,86.98
2.74,2.17
7.61,61.16
2.66,22.03
3.86,37.27
10.18,74.33
8.75,65.62
1.14,0.0
5.14,18.24
0.35,0.0
5.77,30.46
7.95,66.96
1.42,6.19
3.47,22.35
4.77,28.35
11.03,55.95
11.92,100.0
0.54,0.0
9.13,68.93
4.46,21.14
4.71,47.4
9.05,73.84
11.02,79.91
11.41,87.37
6.93,72.19
4.29,33.55
9.45,73.79
3.01,14.68
6.77,35.21
4.3,32.82
7.88,66.29
2.88,34.07
2.3,0.0
11.02,76.9
1.22,3.97
6.07,48.54
2.65,19.75
0.47,2.52
0.43,7.54
2.1,7.79
10.4,92.55
3.39,31.45
11.41,88.05
6.98,71.84
5.24,57.48
6.96,65.02
6.2,19.42
9.11,88.63
3.39,35.07
4.24,53.96
10.73,98.21
11.36,100.0
10.71,94.47
5.03,53.75
9.36,94.86
5.72,47.89
5.97,32.04
2.46,16.57
7.09,60.65
2.23,18.62
3.98,19.36
10.26,65.77
2.48,12.47
0.85,14.91
0.83,22.43
11.29,99.48
6.08,59.24
4.91,38.5
9.73,60.42
10.03,75.69
3.99,29.3
8.32,61.62
9.25,74.57
7.86,67.26
1.82,23.08
10.51,81.3
6.47,32.72
3.39,22.29
5.1,41.26
0.45,15.83
1.53,6.6
9.19,78.62
0.0,2.9
5.0,40.43
6.27,59.47
0.66,0.0
11.68,87.66
2.71,21.59
3.65,22.8
3.65,34.26
2.76,14.99
0.02,2.4
8.75,69.02
11.6,94.97
2.69,16.93
7.96,60.26
8.9,72.18
10.18,83.47
5.07,40.53
3.64,46.13
3.9,21.32
8.55,67.77
9.8,62.67
2.18,21.16
4.45,24.46
10.82,83.8
9.68,73.72
11.82,97.36
9.05,66.88
4.72,31.79
7.09,71.06
7.93,66.3
0.94,1.92
6.53,49.76
8.51,84.55
2.01,13.71
9.37,68.05
7.01,49.19
11.43,85.92
0.51,0.0
3.18,12.67
7.22,46.51
3.56,20.18
8.57,74.5
9.11,69.05
1.23,7.77
6.17,62.03
6.11,61.8
4.43,32.63
11.2,83.25
9.93,70.8
8.37,73.86
8.57,66.53
5.54,40.46
11.05,80.28
8.34,58.98
8.75,73.18
10.34,69.57
3.29,36.26
9.68,72.14
2.34,17.25
4.14,19.78
4.03,32.09
11.74,90.66
10.28,81.73
8.41,82.03
8.72,71.57
6.74,46.01
11.37,83.81
5.96,53.59
4.57,49.52
1.96,18.47
9.43,82.36
8.81,76.6
4.61,51.09
0.3,0.0
10.07,87.22
0.14,10.93
8.44,54.17
11.64,84.29
5.25,33.51
2.82,15.27
8.46,62.85
9.81,80.87
6.56,61.11
11.6,100.0
0.62,0.0
6.06,40.01
8.62,82.13
10.35,89.28
2.15,18.04
9.6,81.53
6.63,52.76
4.76,43.32
1.58,9.28
10.38,85.76
1.89,0.0
3.72,22.86
3.48,21.07
10.46,79.91
8.07,55.31
9.56,71.15
3.01,8.9
7.5,65.47
6.86,54.06
9.99,62.9
10.87,78.64
0.15,4.53
8.09,59.28
0.62,0.0
6.59,51.94
3.45,31.05
3.68,15.09
4.24,39.39
7.46,51.64
4.01,31.89
8.79,69.98
4.85,33.56
0.82,0.0
9.41,72.38
3.43,43.69
5.19,27.93
8.23,82.73
3.99,29.32
0.68,5.79
4.49,25.03
11.33,82.95
7.7,56.58
8.06,54.01
7.59,58.61
2.39,15.03
5.02,58.67
9.01,60.43
1.22,10.76
3.33,29.15
3.32,15.82
5.18,48.34
11.76,90.13
0.81,0.0
6.22,56.39
2.15,6.05
11.65,82.71
1.36,17.76
4.84,35.27
8.85,80.01
8.45,79.74
5.07,34.13
4.16,41.2
4.77,30.62
3.17,47.7
2.46,12.78
5.8,56.63
3.22,34.22
3.45,30.76
7.88,56.34
11.62,91.47
7.24,36.41
0.92,9.63
0.91,10.75
11.42,92.67
3.57,0.0
1.1,0.0
7.19,50.03
7.48,62.79
7.78,65.15
3.21,23.97
0.18,7.8
11.58,82.38
3.01,30.19
8.11,69.65
8.48,71.61
7.32,56.74
3.75,48.35
3.25,30.96
7.17,47.69
10.39,85.63
11.36,98.41
1.27,4.29
1.86,25.76
11.34,94.52
8.84,47.28
10.6,87.76
2.43,15.39
7.05,61.78
8.41,76.75
8.16,67.24
4.9,55.84
0.18,0.0
7.0,62.21
3.04,32.35
5.4,42.25
11.49,99.72
4.79,32.36
10.08,76.4
2.26,4.98
8.07,66.97
11.72,97.05
1.22,21.57
0.1,8.71
5.2,38.78
1.11,0.0
8.98,76.17
10.97,98.9
5.21,49.22
3.1,35.68
5.21,39.58
8.68,64.78
0.11,0.0
7.07,56.03
7.36,58.09
7.65,63.28
2.9,21.94
8.57,67.21
1.1,1.01
2.39,28.55
10.53,85.0
8.86,69.17
0.16,0.0
2.98,10.52
2.57,33.66
3.25,31.54
2.97,7.53
0.75,13.63
5.51,53.28
8.79,71.59
7.28,74.23
8.07,66.76
0.97,0.0
11.42,94.99
10.06,82.94
9.66,71.26
9.88,84.74
11.19,72.86
6.53,62.15
2.4,10.45
7.4,49.36
8.91,70.18
8.86,75.17
6.26,51.7
0.82,0.0
4.45,30.57
11.05,77.06
7.01,53.86
6.46,62.43
3.23,25.77
4.42,43.97
10.74,100.0
8.0,58.1
9.45,73.72
5.45,65.33
7.56,74.95
2.98,7.12
8.47,71.6
5.13,41.06
5.31,50.75
7.79,54.89
11.24,81.49
0.77,0.0
9.9,73.46
3.51,36.22
5.33,30.8
0.26,0.0
3.61,11.01
6.03,58.32
0.67,18.1
5.89,43.87
11.13,86.02
1.26,14.65
9.17,88.13
4.92,43.41
7.86,55.92
3.12,8.79
1.91,4.16
1.93,16.14
0.85,0.21
2.23,19.77
7.97,58.24
10.58,74.06
9.77,66.39
8.22,81.4
1.33,19.49
3.47,45.07
3.72,35.14
3.0,19.7
6.18,62.67
6.43,51.08
4.28,36.47
4.25,33.54
9.94,50.07
9.47,91.82
3.69,34.46
10.97,91.02
11.43,90.85
3.92,33.0
4.25,28.05
6.07,54.71
11.29,77.28
10.52,85.99
1.23,15.46
4.71,35.72
6.64,56.83
6.04,38.39
2.33,8.95
10.31,84.81
8.12,71.77
10.05,61.69
10.31,87.66
8.98,66.41
5.27,40.24
7.33,45.22
1.92,6.88
8.08,74.33
2.15,17.54
8.33,62.79
2.76,20.88
1.41,16.18
1.98,20.27
0.02,0.0
8.62,79.93
8.79,80.02
6.18,53.57
1.94,16.04
1.0,14.59
0.23,4.98
1.99,26.52
10.69,94.52
2.9,13.0
4.25,23.15
1.26,3.1
2.67,31.11
6.23,34.08
7.29,62.29
2.94,27.18
0.69,17.17
4.69,39.34
2.81,9.05
2.63,11.48
11.52,80.33
7.4,53.79
6.68,51.63
4.99,28.26
5.15,55.89
6.49,38.67
8.36,80.32
8.43,79.26
2.06,25.47
6.0,41.07
4.94,42.97
10.45,70.8
7.58,69.73
6.39,50.38
1.38,6.98
7.27,45.9
1.41,0.0
4.05,21.99
1.71,24.84
8.3,62.41
2.48,18.11
4.7,44.17
10.75,100.0
2.45,32.86
6.09,39.03
5.03,20.82
0.22,25.34
9.51,98.79
0.83,8.51
5.69,32.82
6.73,63.46
7.54,59.25
8.26,64.98
3.04,33.26
0.12,4.3
8.68,57.59
6.43,48.18
10.03,86.88
9.86,83.96
10.12,83.58
5.82,55.9
4.0,28.41
9.5,77.78
5.42,9.57
2.2,13.11
10.26,89.72
10.59,80.82
5.6,40.1
0.91,0.0
4.65,47.26
9.64,82.62
10.82,94.82
2.44,2.27
0.8,4.82
10.53,81.42
4.67,34.58
6.5,45.85
11.62,89.47
0.8,14.89
7.78,43.11
0.89,24.89
4.51,40.88
9.65,76.74
5.2,50.68
11.97,81.21
6.71,47.02
3.85,29.62
2.64,34.79
4.21,33.19
4.47,40.26
0.82,0.7
4.43,40.35
5.57,61.34
8.67,79.34
7.88,62.23
8.51,74.8
0.1,6.58
2.61,25.96
7.94,74.64
5.81,57.51
0.06,0.0
9.65,83.65
9.27,70.36
6.58,43.42
0.8,3.69
9.2,72.82
7.0,39.42
9.38,83.67
9.02,44.49
9.64,100.0
6.22,64.75
1.68,10.86
8.05,64.53
7.45,62.6
8.91,65.36
2.04,18.23
2.34,17.28
10.68,84.54
9.0,73.81
10.9,74.05
9.1,73.23
7.17,58.96
7.85,64.09
10.67,83.2
6.95,66.94
7.59,57.17
1.88,17.3
5.69,58.47
8.6,67.98
3.25,28.16
2.43,18.45
3.77,42.5
2.9,20.61
2.58,33.47
5.1,39.75
10.89,78.56
6.08,55.47
2.26,14.99
0.92,13.59
8.35,39.54
4.59,36.8
9.86,74.3
7.91,52.68
9.55,70.91
3.26,20.37
8.31,65.99
3.17,11.68
11.27,93.31
7.64,74.75
3.89,33.96
3.23,33.96
2.29,29.27
8.34,79.05
2.62,39.7
7.14,52.16
3.18,18.22
7.94,71.38
9.78,85.32
9.34,82.45
9.13,91.93
2.25,18.14
1.06,12.75
8.39,57.3
4.42,56.71
5.19,38.14
0.37,0.0
3.11,21.45
0.4,0.0
10.55,77.11
2.92,18.13
6.69,39.85
0.47,0.0
8.0,83.51
3.88,38.37
10.78,95.46
10.66,97.03
3.9,49.57
10.81,68.78
11.95,83.33
9.9,71.2
10.14,76.41
2.99,20.9
6.92,50.89
0.81,8.65
1.14,9.47
11.99,88.67
3.92,9.6
8.98,61.9
9.68,71.95
10.3,79.9
11.97,84.48
2.9,18.28
0.48,0.0
4.93,38.22
1.56,1.76
0.27,0.0
4.33,21.51
9.4,73.7
6.79,45.69
3.75,39.09
7.85,66.88
2.78,21.58
0.17,0.0
9.17,77.18
7.48,66.79
9.15,74.61
0.47,19.78
10.05,84.96
7.43,68.61
6.76,55.42
7.5,66.72
10.37,75.02
7.04,51.76
6.97,59.26
11.89,98.53
9.08,77.72
5.31,53.46
8.49,53.66
4.67,27.62
2.75,24.27
7.16,50.05
11.14,100.0
11.15,94.35
4.1,32.04
6.33,45.5
2.54,15.52
11.95,95.88
11.77,95.31
7.79,57.79
9.65,74.49
8.58,82.09
7.12,70.79
0.64,7.64
5.46,30.24
8.1,70.16
8.13,80.59
4.48,49.52
11.3,97.75
2.01,30.29
6.0,48.57
8.29,72.61
8.37,60.12
7.78,65.19
3.3,39.72
1.87,9.1
7.63,52.44
7.19,58.51
2.15,14.95
8.46,74.18
5.46,39.16
8.01,81.29
10.05,67.49
2.04,28.83
0.23,0.0
9.35,56.83
7.32,60.91
8.4,64.62
10.06,69.37
9.63,60.26
11.53,92.16
6.43,61.21
5.86,52.75
4.82,39.15
1.84,19.54
6.87,54.7
3.32,12.3
11.06,74.24
7.0,53.95
7.11,55.31
4.26,42.58
0.62,12.56
0.38,9.1
5.08,37.84
1.01,0.0
7.28,62.38
10.57,89.83
10.59,60.87
7.91,54.92
2.53,13.37
10.36,84.03
10.63,77.03
2.36,18.5
8.85,68.69
3.44,25.91
9.63,69.89
11.97,89.34
0.36,0.0
10.77,89.95
7.47,65.48
11.68,85.74
5.58,59.85
10.17,78.2
0.75,21.29
4.02,25.77
0.8,0.0
11.7,97.65
9.8,80.91
10.23,82.19
11.26,83.62
1.02,7.82
4.63,31.9
0.85,3.8
2.53,28.65
2.75,23.86
5.63,51.13
3.22,23.46
1.21,6.27
2.01,4.54
1.77,10.44
11.68,60.2
9.11,66.99
11.61,92.09
5.28,47.85
3.34,24.04
9.58,80.11
3.92,9.52
3.59,28.17
2.79,5.53
1.56,0.37
3.08,22.75
4.26,46.87
8.09,68.42
0.75,6.19
2.53,20.01
9.71,70.53
1.76,8.66
4.11,37.17
10.38,69.15
1.86,20.8
0.99,4.06
5.81,54.77
3.63,38.64
6.76,37.36
9.65,71.35
1.65,4.61
6.97,37.62
6.07,38.2
1.73,38.24
7.49,66.0
3.28,45.44
5.85,55.12
0.99,0.48
5.52,40.3
3.68,35.3
9.87,83.32
0.68,0.0
5.02,25.09
5.5,76.89
8.7,68.19
6.89,51.87
8.01,65.19
9.32,72.17
10.35,84.0
3.77,43.0
6.46,50.4
10.08,69.02
11.87,93.37
10.67,80.75
4.46,49.9
2.34,30.45
5.87,48.06
8.9,58.41
5.91,35.03
5.8,46.54
10.06,83.83
4.34,30.95
10.32,77.74
4.88,33.13
3.94,31.28
5.45,19.76
9.15,62.18
1.51,5.83
2.36,30.93
11.42,83.2
2.11,18.65
6.81,56.77
6.95,68.59
5.88,59.63
7.74,61.32
2.76,17.31
6.63,46.42
4.47,33.32
7.94,59.18
1.69,19.09
6.85,59.01
2.22,23.7
3.34,39.34
2.62,39.62
2.19,18.8
9.91,90.26
3.43,23.91
11.13,100.0
11.64,100.0
6.86,64.93
1.72,14.67
4.49,29.27
9.57,62.64
4.41,34.87
1.04,23.68
6.68,50.35
10.14,88.98
9.55,84.85
2.1,13.97
8.07,77.75
2.65,0.0
2.62,8.72
10.49,74.75
3.0,15.77
3.16,28.63
0.01,2.96
10.45,87.52
9.51,82.05
7.53,50.72
9.0,59.84
1.82,18.56
5.5,37.7
4.21,18.01
1.13,18.72
5.83,60.62
11.05,100.0
0.48,5.72
3.5,34.24
2.49,33.62
2.86,16.45
10.9,98.32
5.62,47.69
5.6,53.9
9.13,74.88
1.85,27.79
5.85,49.01
5.16,26.44
7.16,71.82
11.99,86.48
9.23,86.4
4.77,37.29
9.93,91.21
2.05,27.74
0.37,7.23
2.45,24.71
4.08,36.91
6.13,28.88
7.38,60.24
10.93,76.26
6.12,50.66
6.02,36.69
0.6,0.0
0.42,19.4
6.61,63.61
5.26,42.02
10.07,82.41
1.93,12.95
0.3,8.1
5.39,36.35
2.85,32.74
0.6,2.23
8.7,65.36
1.34,10.93
7.3,52.49
3.37,30.27
2.08,11.28
4.56,41.14
9.62,89.1
4.71,30.45
9.01,70.77
1.51,16.66
9.27,69.83
2.84,27.39
8.13,70.58
6.79,65.15
11.15,83.14
4.65,27.76
0.79,3.28
0.23,0.0
9.92,85.02
6.3,38.76
9.3,97.75
2.81,35.46
4.14,33.25
0.36,11.56
11.54,75.94
8.01,89.35
11.2,83.69
3.19,24.28
7.34,40.14
8.14,70.0
3.81,19.42
10.18,82.44
11.37,85.48
10.62,74.17
8.87,62.91
3.33,28.89
3.38,14.22
11.56,84.99
0.12,7.62
8.59,94.77
8.47,72.58
7.47,50.61
11.88,91.38
3.74,30.26
4.08,29.14
0.95,16.61
5.31,44.68
3.13,34.14
4.12,29.82
10.01,93.37
11.23,88.14
2.23,8.12
4.47,57.53
11.14,70.9
0.74,0.0
1.11,2.6
1.95,40.71
7.14,75.21
1.81,29.38
11.62,89.63
5.36,67.15
6.02,51.83
2.96,33.45
5.65,47.01
7.94,63.05
9.01,69.6
9.05,70.27
6.93,61.56
10.85,90.49
9.81,78.16
9.08,87.77
0.67,0.0
0.08,5.76
2.55,27.57
7.96,75.17
4.93,38.83
4.83,40.71
10.62,94.78
10.75,100.0
10.91,84.28
3.77,32.8
8.29,83.13
3.26,4.84
2.29,11.4
2.22,32.38
4.11,43.77
5.16,46.5
9.97,75.29
1.44,2.69
8.82,64.64
6.38,66.5
3.46,21.36
5.91,48.32
3.6,21.26
7.15,65.65
5.21,36.26
1.97,14.81
1.4,0.0
6.56,36.35
10.83,86.71
4.13,19.77
8.8,91.42
7.9,42.62
11.18,81.43
9.85,78.98
6.8,50.74
7.88,52.03
10.78,76.67
4.79,28.45
3.92,28.51
0.13,20.56
9.92,80.13
9.61,88.72
1.25,15.1
6.92,66.52
5.57,16.54
1.42,8.35
11.77,100.0
2.58,14.89
0.81,24.08
7.14,71.94
8.87,66.24
0.39,0.0
7.9,53.1
6.39,44.8
1.24,0.0
2.07,20.85
6.82,39.97
3.56,34.49
11.26,96.36
9.82,61.99
11.8,100.0
3.12,30.06
11.64,100.0
5.17,33.81
4.17,39.59
0.6,16.1
0.63,4.08
8.3,86.45
5.5,44.4
2.72,33.15
7.37,61.87
3.03,30.13
6.93,38.74
4.31,38.19
9.88,71.71
9.85,70.32
5.73,63.27
4.21,31.54
4.35,24.77
9.67,73.76
3.94,18.5
2.51,34.41
1.02,1.17
5.6,50.1
5.79,59.85
10.09,75.73
2.65,26.56
4.57,26.27
9.7,100.0
9.88,88.43
4.62,35.0
5.51,36.35
3.64,27.98
11.19,86.13
1.42,30.92
11.2,77.38
8.21,67.0
6.38,50.85
0.39,1.96
5.71,44.57
4.89,37.98
1.93,24.21
7.88,69.11
11.65,97.42
6.75,23.63
8.58,71.61
0.82,0.0
5.01,46.56
1.4,25.92
7.35,49.57
11.26,87.48
7.94,57.54
0.92,19.73
4.26,35.0
6.61,70.15
4.84,42.85
10.0,82.45
9.78,78.89
7.34,66.92
4.48,18.48
3.06,25.37
1.27,9.46
4.26,41.32
4.96,37.79
8.11,54.49
7.9,63.26
0.84,0.0
4.74,18.69
2.18,24.72
1.88,20.84
9.93,84.09
0.5,17.05
5.03,33.59
2.02,1.84
10.55,83.72
6.68,50.0
2.78,13.79
6.03,47.43
8.78,64.11
11.5,73.62
2.65,16.75
10.63,73.71
11.21,92.01
11.0,81.42
7.62,72.12
7.56,76.5
4.84,45.5
9.03,56.72
6.38,66.06
8.13,80.79
5.14,41.32
8.78,83.45
9.89,73.63
1.76,0.0
10.0,72.36
6.48,69.16
10.14,66.18
5.18,41.4
4.55,36.73
10.98,82.72
3.01,19.68
10.13,81.77
5.81,40.84
6.17,35.13
3.7,31.76
6.88,65.75
3.9,39.92
0.47,0.0
3.26,13.6
0.08,0.0
11.74,100.0
11.59,99.17
4.74,44.97
8.74,78.82
4.15,37.41
8.05,65.63
9.67,83.94
11.36,85.43
4.8,24.28
9.4,82.43
3.19,37.91
11.88,83.89
0.31,10.69
7.24,74.75
7.91,63.29
8.26,57.87
1.44,12.79
11.26,84.59
2.17,11.23
7.47,64.12
2.67,5.34
3.69,15.05
6.56,52.65
5.01,39.83
1.92,18.82
2.05,35.16
5.02,41.19
9.09,78.68
10.78,76.45
1.01,15.76
4.72,32.47
1.2,10.34
0.2,0.5
7.94,73.85
7.23,44.74
1.96,0.0
2.81,20.31
0.28,6.96
10.02,81.68
11.7,100.0
1.63,17.38
2.78,16.58
10.42,60.11
11.12,86.57
5.04,50.56
0.61,0.94
0.47,4.06
6.89,59.31
4.71,27.57
0.34,8.98
7.0,72.36
0.14,0.0
9.45,64.3
3.68,28.75
0.48,0.0
7.06,59.85
4.77,42.7
11.69,100.0
6.53,50.3
3.3,30.51
8.51,59.49
3.26,22.5
10.85,71.56
4.5,34.03
6.6,49.73
0.61,7.85
5.11,34.67
9.99,80.74
9.67,74.01
2.69,18.22
2.71,22.51
9.81,78.87
11.16,96.93
1.14,7.95
5.4,39.71
4.05,30.59
10.45,76.44
1.0,4.42
2.53,40.58
9.03,63.11
0.62,2.14
5.91,43.41
5.31,39.97
4.01,28.79
4.73,40.67
6.36,33.77
1.94,25.86
6.86,61.24
9.67,64.89
9.12,50.28
1.85,5.0
1.79,11.9
3.22,51.55
4.33,40.1
4.9,21.14
8.16,58.35
0.68,4.91
0.42,5.87
4.7,24.48
8.37,65.58
2.32,11.39
7.7,50.55
3.12,27.54
10.63,92.8
10.75,94.4
3.57,34.28
2.76,17.11
4.94,46.63
2.89,26.18
8.07,65.89
9.91,73.19
8.08,59.65
9.89,79.88
4.76,62.51
1.88,18.02
8.86,64.73
4.33,26.28
8.06,59.52
3.25,47.75
0.97,3.81
11.91,100.0
1.87,11.24
11.86,97.5
11.73,100.0
9.53,70.49
7.91,56.89
6.93,72.06
10.39,92.99
3.47,35.69
5.61,52.77
7.43,64.06
4.93,59.65
5.13,41.48
3.96,37.48
6.77,39.66
10.21,73.41
2.42,7.34
11.21,100.0
8.27,40.63
9.88,75.01
6.67,23.46
9.35,66.52
0.19,0.0
9.82,92.41
0.48,7.82
10.68,77.1
11.9,100.0
3.53,28.41
2.52,20.57
9.18,61.45
3.04,14.39
10.39,74.84
1.23,10.34
1.51,12.87
11.75,100.0
8.09,68.54
10.16,54.23
3.89,33.76
8.12,50.44
7.13,47.39
7.24,49.78
8.19,58.89
6.9,41.48
5.15,43.22
3.31,12.38
9.22,77.35
2.72,44.09
8.31,53.17
2.8,19.55
7.5,34.8
8.96,68.71
2.62,27.42
0.72,12.96
1.57,13.35
7.27,67.07
10.19,100.0
0.54,21.44
8.81,65.25
4.1,18.26
5.74,41.88
11.15,79.7
3.98,36.38
5.58,32.86
0.16,0.59
0.98,16.21
3.1,23.82
0.33,0.0
7.58,72.36
5.12,22.14
6.58,49.34
2.1,16.35
3.55,28.57
7.97,65.53
11.58,98.77
0.61,4.49
10.68,81.8
6.92,51.3
6.77,48.02
6.0,55.9
0.83,0.2
1.08,17.1
7.21,57.88
4.09,27.52
11.01,94.24
4.88,31.76
1.72,20.14
8.58,70.74
3.52,22.2
6.31,55.73
8.37,72.46
10.8,98.0
9.51,85.71
8.12,69.84
8.16,53.97
11.35,100.0
3.55,14.36
0.01,9.6
3.26,30.42
2.61,9.18
7.94,62.29
7.6,60.05
7.12,70.03
0.19,0.0
8.75,67.34
3.88,7.7
7.98,81.19
6.68,42.73
4.11,36.17
1.61,11.91
1.13,8.08
9.98,87.92
11.02,100.0
7.8,64.89
1.24,16.48
4.82,41.88
8.75,80.15
9.36,70.23
1.42,22.1
0.0,11.11
8.55,79.19
4.28,27.63
3.05,22.75
0.15,3.63
6.48,38.16
10.21,97.66
11.49,91.81
6.79,57.15
6.17,43.62
1.02,0.0
6.59,46.65
4.56,38.67
7.29,65.02
4.66,38.94
2.88,26.54
1.14,5.75
3.78,35.19
1.16,24.11
2.12,24.03
11.85,100.0
5.33,45.57
6.38,36.03
10.48,73.42
11.95,100.0
6.99,55.83
9.75,82.4
3.92,48.15
3.67,36.61
4.83,51.25
8.07,65.51
8.19,57.42
3.78,29.68
1.6,4.74
7.59,76.29
1.54,20.22
6.94,60.74
8.32,78.93
8.41,47.06
9.04,78.21
10.47,70.69
6.0,47.92
8.76,66.99
7.43,66.06
2.24,20.2
0.31,15.92
3.41,21.3
5.32,49.62
7.41,60.86
10.2,65.24
2.35,9.65
1.51,10.55
11.56,100.0
1.3,15.01
5.74,34.26
7.03,54.81
6.5,72.15
1.03,9.37
0.68,2.2
1.27,15.04
7.03,63.85
6.53,47.7
2.8,27.46
7.65,57.94
9.84,85.92
0.5,5.69
5.98,52.64
8.27,58.58
3.03,16.01
3.69,39.0
7.36,58.12
10.78,89.05
9.72,74.69
7.0,64.97
8.76,64.02
4.38,33.67
7.69,69.39
5.59,56.48
2.28,13.0
8.42,86.96
6.68,56.55
4.3,24.0
10.94,91.18
0.25,0.0
3.79,34.65
0.68,5.03
9.2,74.33
8.43,58.29
3.98,41.71
8.11,53.3
4.75,26.92
9.08,76.27
5.45,59.63
4.95,36.05
11.22,96.74
3.01,34.82
1.45,19.71
7.01,53.0
11.63,82.14
4.53,14.2
0.74,3.33
4.07,44.35
6.07,37.33
1.94,22.55
7.9,53.68
11.97,96.84
5.42,50.44
4.26,27.46
4.81,40.17
1.38,6.9
10.6,91.85
4.98,42.18
4.65,37.74
7.92,78.91
5.3,49.06
7.78,55.33
0.74,5.04
9.76,77.36
11.29,91.09
7.79,87.53
11.45,95.35
1.82,0.0
5.73,40.4
7.22,38.45
6.98,52.55
4.82,18.67
4.06,23.74
1.52,0.0
4.7,41.45
1.95,15.62
8.81,73.53
2.51,19.0
0.7,0.0
6.63,58.16
7.14,76.36
10.46,87.8
6.92,51.13
4.15,18.89
9.64,68.01
6.48,56.4
0.95,18.34
6.79,56.93
10.9,95.17
4.76,45.12
3.56,33.51
1.72,7.19
1.82,16.28
5.19,33.06
7.15,57.36
0.97,11.05
11.27,100.0
9.06,59.4
7.04,61.13
9.94,94.34
0.96,15.29
5.72,54.11
7.56,66.37
9.94,92.53
9.4,64.34
3.32,12.74
11.29,90.26
1.49,0.0
10.5,96.32
11.65,100.0
2.13,12.67
8.66,65.61
0.48,3.14
4.87,39.44
6.2,50.83
6.97,61.32
11.23,88.12
8.07,73.97
5.78,50.66
9.72,71.66
11.41,100.0
0.26,0.0
11.79,93.4
1.03,17.94
9.77,70.95
3.36,30.01
1.59,18.12
5.28,33.62
7.73,61.1
4.57,35.01
0.65,0.0
7.19,80.57
10.83,79.0
4.6,46.84
2.6,16.84
5.31,31.62
0.58,5.67
9.85,85.26
9.92,88.53
7.06,72.07
4.24,63.35
9.6,79.28
6.66,46.62
9.91,83.82
7.58,57.96
9.41,84.56
7.18,44.49
4.97,63.44
11.5,100.0
6.49,35.11
7.26,51.0
2.65,29.33
7.51,71.83
6.86,42.15
2.22,24.87
0.72,0.0
7.25,57.13
9.16,84.43
6.28,44.73
2.72,6.7
8.0,65.45
0.96,1.64
5.3,48.71
1.96,6.83
2.21,9.98
2.43,0.0
4.64,38.82
0.61,3.3
4.77,26.3
6.14,51.06
5.8,56.67
4.59,34.59
10.07,83.24
1.74,16.68
6.07,36.5
0.74,26.52
0.85,2.12
6.89,61.65
6.79,62.03
10.54,82.9
6.69,59.62
11.52,94.6
0.58,0.0
1.18,6.09
0.53,0.0
2.22,13.17
6.5,38.92
7.75,73.24
0.55,20.4
11.35,100.0
10.11,93.55
3.56,25.03
0.93,1.05
2.04,8.52
1.52,18.63
1.48,14.11
6.22,49.01
2.95,36.55
4.3,38.43
11.87,86.61
8.21,58.89
11.39,97.92
1.71,24.1
4.59,42.2
6.66,72.22
0.92,23.72
0.05,4.81
8.05,55.98
7.7,48.51
4.93,35.56
5.88,54.54
4.99,58.15
0.29,6.48
4.02,43.88
2.12,14.55
1.18,15.68
11.48,100.0
7.19,37.74
8.74,65.82
3.78,39.77
4.72,40.49
2.84,10.78
1.16,0.0
2.15,13.53
9.57,75.85
8.13,56.21
6.56,53.94
5.7,50.67
11.07,95.26
0.87,0.0
3.37,13.79
4.2,30.55
9.39,80.83
11.91,100.0
2.89,27.82
10.49,80.1
9.97,76.46
2.7,14.28
4.79,46.02
4.92,30.12
11.74,100.0
2.17,19.44
9.59,76.27
4.01,25.52
8.77,56.61
5.04,33.84
6.94,52.22
9.99,56.24
9.65,75.23
10.4,92.42
0.72,11.4
8.3,61.47
1.68,13.91
4.99,34.36
6.58,54.15
4.83,54.06
6.24,59.57
11.96,100.0
1.62,8.05
8.11,72.34
4.75,21.15
1.6,10.25
1.9,21.08
11.39,98.53
10.56,91.14
10.88,90.02
11.9,93.23
2.5,25.38
4.27,24.59
8.03,55.8
5.81,47.06
5.02,41.9
4.29,16.09
7.13,61.55
6.91,62.98
1.94,14.73
5.66,69.03
6.64,46.3
6.84,51.14
2.52,16.22
8.91,70.5
0.3,0.0
4.26,20.0
9.36,69.43
6.77,53.16
3.13,37.36
8.34,88.74
6.81,67.82
9.55,68.69
8.82,63.6
7.32,56.98
5.86,64.71
1.6,11.13
3.14,11.81
5.03,35.22
7.19,65.1
6.16,56.22
3.46,25.66
0.08,7.45
5.95,24.91
3.43,28.46
8.82,79.13
0.29,0.0
7.02,47.78
11.3,71.72
2.09,32.64
5.66,38.08
1.1,11.19
7.51,66.1
6.61,67.97
4.89,37.57
6.26,44.66
10.76,87.8
2.36,31.69
0.27,0.46
10.34,73.17
6.93,40.0
10.69,73.29
7.16,65.95
9.72,74.57
5.16,35.17
9.0,64.83
10.96,88.5
6.87,52.53
2.17,14.62
3.23,39.3
2.38,34.45
2.96,7.6
3.68,32.69
6.66,45.52
7.06,53.96
5.12,44.04
7.39,56.95
0.98,10.14
1.05,15.16
2.06,19.44
6.22,43.27
2.57,14.25
3.4,12.8
4.8,29.89
9.74,97.56
0.17,0.0
7.79,50.41
8.03,67.41
9.58,75.57
11.19,87.59
0.24,16.02
1.85,20.25
10.63,79.77
5.5,39.77
6.78,49.17
7.96,72.4
8.15,62.11
11.18,71.52
11.96,95.22
8.64,53.76
3.45,49.42
10.56,74.8
0.59,3.11
2.77,24.77
10.77,83.26
3.07,21.69
2.65,25.4
1.66,28.52
10.31,90.15
6.0,62.79
8.1,54.32
2.87,26.12
9.1,74.32
9.12,76.47
3.75,43.77
4.93,37.22
2.52,16.08
11.72,99.09
7.75,44.2
11.21,87.35
3.64,27.78
9.38,65.86
9.19,84.09
8.3,55.78
11.59,91.34
4.72,40.71
1.57,26.08
8.06,64.38
8.75,79.38
6.9,62.21
2.48,21.09
6.05,37.53
3.75,15.62
5.13,42.1
7.74,56.51
8.94,80.73
2.79,29.75
4.86,37.07
3.23,14.26
2.38,24.18
9.4,65.03
10.91,79.7
4.44,25.75
9.02,70.74
10.76,97.81
10.15,81.18
2.19,13.12
11.48,76.55
4.52,41.68
4.07,24.76
0.75,7.17
5.83,43.13
1.31,18.85
2.98,22.29
3.8,29.84
9.71,82.5
10.51,100.0
3.63,37.92
10.3,81.55
10.29,82.33
9.18,68.16
1.76,4.58
8.28,60.74
11.34,83.0
8.19,72.06
3.98,21.12
6.01,61.39
7.75,69.51
6.13,49.22
1.44,11.52
3.74,24.39
9.63,79.73
10.34,93.58
1.65,6.15
11.43,76.1
3.95,38.6
7.95,66.83
9.02,60.97
9.74,70.61
11.35,82.2
3.76,22.79
10.3,79.18
1.58,9.98
8.46,61.18
8.9,63.65
8.13,62.77
3.03,25.9
10.48,80.65
2.03,27.8
0.64,10.23
8.61,52.97
5.71,50.88
10.19,87.57
4.6,32.46
2.02,1.2
10.04,80.38
6.59,52.62
2.27,6.95
8.64,54.64
6.13,48.19
7.25,55.68
5.53,40.07
9.94,78.72
9.95,68.61
8.51,63.75
1.26,15.45
10.07,77.03
8.05,47.7
8.36,62.19
4.36,24.14
10.55,87.08
8.7,72.82
1.35,0.0
4.89,46.74
10.64,73.97
0.57,20.12
11.54,91.81
8.15,52.74
7.58,49.19
3.25,29.45
2.99,19.97
11.3,89.47
3.58,44.76
9.31,67.46
4.72,38.34
1.67,27.57
0.13,3.73
6.53,36.18
11.71,98.73
4.43,23.81
4.29,48.36
4.13,24.8
6.25,79.67
5.29,56.98
10.56,76.51
6.07,48.73
6.09,56.28
1.66,21.12
11.79,98.77
3.0,36.52
0.88,5.81
7.96,59.99
7.14,53.69
4.98,48.44
5.07,44.18
9.42,78.28
2.35,26.74
9.84,58.23
7.78,65.38
5.03,42.41
5.5,60.66
3.08,9.35
9.03,87.77
6.15,49.99
3.85,35.69
7.15,73.98
11.95,100.0
5.22,45.79
11.05,90.81
4.14,28.29
0.66,4.97
2.45,12.45
5.02,39.75
2.64,0.0
0.0,4.31
10.98,86.62
10.13,77.65
8.91,73.46
2.01,1.77
1.44,30.85
0.81,5.46
8.69,68.05
11.15,79.51
5.17,41.57
1.43,25.31
6.15,59.55
4.19,42.03
4.5,41.45
7.46,56.06
8.62,54.5
1.33,8.61
0.43,1.06
11.93,100.0
2.79,25.44
0.65,21.29
2.28,30.2
0.47,0.0
4.7,19.66
9.63,90.89
4.09,46.35
5.33,28.98
8.11,79.95
6.11,52.68
10.34,84.31
10.39,99.29
0.12,14.4
9.34,81.21
5.53,48.96
11.87,100.0
5.8,42.39
11.84,94.19
9.05,63.42
2.98,20.54
6.46,48.02
11.91,88.89
10.29,83.69
1.17,6.11
8.48,72.83
4.15,16.95
0.08,0.0
4.84,40.05
2.82,19.43
9.83,76.89
4.05,16.53
9.93,83.01
0.01,6.53
3.69,34.49
2.89,33.54
2.8,24.44
0.82,11.33
2.25,19.52
6.67,60.21
3.5,12.2
5.01,31.13
4.52,52.05
10.51,59.48
10.86,85.51
5.92,59.05
3.96,30.76
1.28,6.2
11.44,92.82
0.72,2.25
3.57,28.88
3.58,21.78
3.84,41.85
1.97,30.0
9.4,73.85
1.47,0.0
7.62,55.71
1.49,10.05
0.85,11.83
10.91,77.23
2.28,10.56
9.86,83.95
6.54,61.67
0.93,1.26
11.47,78.39
2.96,56.55
10.32,90.36
2.03,13.54
10.25,90.67
0.16,0.03
6.14,57.8
9.23,75.46
11.22,90.65
10.91,86.15
9.84,64.21
10.66,100.0
2.39,9.71
3.41,13.68
3.47,25.61
4.52,26.58
4.72,37.24
6.53,59.15
1.92,25.3
8.29,74.51
2.01,13.03
3.72,30.29
6.04,52.4
9.56,58.88
8.87,76.69
7.75,47.4
1.87,35.36
6.56,48.47
1.05,6.55
4.53,28.53
4.96,33.4
0.48,26.56
3.29,35.71
11.47,76.25
11.44,100.0
4.23,45.76
0.52,1.33
2.15,20.26
4.71,37.5
11.37,100.0
1.69,5.59
9.16,74.76
1.3,6.15
11.78,79.87
4.58,58.55
9.3,62.61
4.11,35.09
7.53,42.85
2.3,14.44
1.75,18.24
11.26,81.81
11.01,93.96
10.65,82.51
7.51,71.64
9.7,91.21
0.83,0.76
4.02,32.91
3.76,31.95
7.63,67.22
4.27,34.32
1.78,16.16
7.16,54.83
9.77,79.33
4.59,49.66
1.59,19.16
2.36,25.89
2.85,30.03
3.6,27.25
7.71,64.9
7.21,46.84
8.35,79.51
4.35,6.97
9.89,78.23
2.45,31.0
5.63,31.39
9.61,80.89
2.16,10.49
1.32,6.86
10.6,94.29
4.12,34.9
8.21,45.31
0.3,0.0
8.28,76.0
3.79,34.84
0.67,22.83
7.32,75.37
2.89,19.69
4.64,62.17
0.97,7.98
1.77,4.5
3.58,22.27
1.08,0.0
10.93,100.0
0.07,16.53
5.81,36.3
1.48,9.55
3.69,30.49
11.11,79.3
1.94,0.0
11.59,90.62
2.47,16.55
8.9,67.31
6.56,54.71
10.61,99.21
6.65,50.15
6.41,53.02
2.35,26.03
1.99,21.5
11.0,81.84
3.93,32.44
4.46,41.2
9.12,61.66
4.07,45.16
11.42,100.0
8.86,63.61
7.17,59.29
10.57,90.99
0.6,0.0
3.08,29.49
5.58,46.28
2.72,7.11
8.93,76.01
11.03,77.24
5.09,50.07
4.11,26.13
11.54,90.7
5.34,56.43
5.87,51.91
4.22,22.96
10.91,77.17
6.83,48.63
9.15,77.12
9.74,81.52
4.1,24.39
5.2,29.96
10.18,84.27
4.36,33.05
9.53,97.79
11.29,90.7
7.48,77.97
8.9,59.49
9.66,61.56
10.14,69.92
4.74,49.82
0.62,22.48
4.82,30.76
8.09,60.07
5.4,31.54
8.99,53.78
4.28,41.45
7.62,63.17
2.24,18.0
8.99,57.94
6.55,68.79
2.45,14.56
3.5,33.36
8.98,57.32
5.79,44.42
2.59,23.65
11.61,96.13
8.58,70.2
11.49,96.83
5.13,29.7
5.7,47.58
10.78,87.34
6.3,52.72
8.49,68.62
3.03,11.48
5.36,29.71
1.48,0.0
2.47,27.95
0.01,8.37
0.47,12.2
11.73,96.89
2.91,1.93
7.96,53.41
10.07,82.26
6.61,54.22
1.84,12.47
8.74,73.59
7.2,57.74
8.78,71.41
9.24,67.51
11.7,100.0
6.88,50.75
4.1,19.49
7.78,54.54
0.82,3.09
10.77,96.09
1.43,11.04
3.93,29.61
9.79,65.82
7.17,65.2
4.72,31.27
5.68,44.45
10.25,96.84
4.08,37.73
10.44,67.2
1.06,0.0
9.32,73.93
10.17,69.24
2.18,23.94
5.16,41.74
1.99,17.54
8.48,60.77
6.42,68.81
7.62,89.42
2.36,16.08
2.54,23.86
0.5,4.96
3.86,28.32
6.72,45.41
10.3,71.51
8.0,52.67
5.22,45.85
11.44,86.3
8.63,43.26
11.16,93.74
6.33,50.27
3.11,38.32
0.63,8.8
8.71,54.92
1.46,0.0
3.63,21.87
6.39,44.87
6.77,63.62
7.21,57.57
2.0,27.3
4.56,23.21
7.41,68.9
11.64,100.0
8.73,49.67
11.07,100.0
9.15,74.11
7.1,60.73
2.3,9.79
8.0,76.75
7.48,47.99
7.23,66.16
5.88,55.23
6.34,41.01
4.01,51.94
6.23,52.17
2.37,25.5
9.66,62.03
2.23,39.01
1.02,0.0
5.23,52.13
7.9,53.25
5.25,35.83
3.32,34.46
6.7,63.86
4.16,20.6
11.19,100.0
11.07,99.02
6.03,38.85
3.93,47.46
8.85,56.2
0.44,0.0
5.7,50.37
4.04,23.75
11.05,91.01
0.14,3.56
6.63,51.2
8.89,79.43
5.82,44.28
1.02,10.51
11.67,100.0
6.22,57.64
7.37,66.82
2.84,11.22
5.8,51.66
5.15,32.41
0.9,0.0
1.27,9.47
10.05,71.35
2.88,30.93
2.34,26.86
6.06,29.45
9.22,65.52
0.74,0.0
6.92,50.75
1.43,16.0
0.44,1.08
0.63,0.0
10.01,93.08
1.42,0.0
0.54,16.7
5.25,36.6
10.13,80.24
3.15,19.92
5.06,55.91
0.48,0.0
5.39,43.23
6.93,60.73
6.85,38.7
3.99,22.71
3.79,28.81
1.28,1.37
4.4,27.06
1.19,6.05
9.2,80.09
11.6,89.34
11.64,100.0
10.38,73.07
7.21,45.16
8.41,86.55
3.42,20.8
7.57,47.44
5.47,26.32
5.78,57.02
9.09,69.33
3.38,24.53
3.82,28.94
11.1,98.9
0.67,3.6
5.83,70.06
10.95,88.97
7.32,69.21
6.56,60.51
3.0,23.61
4.12,27.08
10.22,85.12
6.71,58.79
6.18,43.69
1.19,11.22
0.19,13.9
11.56,100.0
4.52,44.73
7.24,76.54
0.96,1.36
8.2,72.6
11.19,100.0
6.91,46.3
1.51,7.25
6.98,73.22
9.2,63.82
4.88,25.6
10.56,99.74
7.78,74.24
10.79,90.65
7.48,59.4
1.58,8.22
3.72,32.55
2.42,35.17
10.91,89.63
9.12,94.67
8.12,55.95
3.61,28.7
2.21,13.94
9.08,61.77
5.69,43.99
2.71,25.85
7.4,64.44
0.48,25.58
3.91,35.96
5.62,56.48
1.78,14.86
11.82,100.0
2.51,44.06
1.56,17.82
2.44,9.61
9.23,68.34
5.11,43.67
6.78,58.84
0.25,9.0
0.41,7.91
5.35,42.87
9.8,72.04
10.62,88.99
1.04,26.87
6.46,61.88
10.96,93.02
4.66,47.54
9.95,75.93
1.6,7.75
11.22,82.32
9.02,70.88
11.3,86.15
8.12,77.04
4.36,30.13
11.26,82.04
3.31,45.88
3.99,27.37
8.41,68.81
9.18,77.98
11.15,77.86
2.46,32.02
9.58,82.98
8.86,86.48
0.77,0.0
4.65,38.16
3.39,27.54
3.65,31.87
11.8,79.82
7.71,62.81
8.61,54.63
11.72,97.34
4.53,14.92
9.62,58.46
5.21,49.9
10.43,78.01
2.17,7.46
11.37,100.0
2.63,24.28
3.91,40.04
9.07,70.93
4.73,64.6
7.3,52.34
5.33,60.12
8.91,70.65
2.74,5.37
0.7,10.44
3.6,31.94
5.69,35.02
2.02,6.91
4.26,33.81
4.8,41.9
0.69,0.0
7.0,66.53
10.61,79.95
1.82,1.25
7.17,66.8
7.98,63.58
5.03,52.42
8.41,71.68
4.93,39.42
6.06,46.92
0.09,5.53
8.3,62.27
7.94,54.96
0.46,9.79
4.42,33.91
11.75,94.32
5.05,51.28
6.02,47.05
10.92,87.5
8.61,62.86
6.98,60.19
9.57,80.09
10.37,91.99
5.48,38.07
5.7,41.03
4.63,44.98
11.6,95.33
8.37,57.87
1.0,21.05
10.36,65.86
5.77,53.98
0.83,0.0
6.6,71.63
5.01,24.6
10.53,95.79
2.45,18.77
9.92,75.67
6.69,55.39
0.66,11.56
11.66,84.25
6.15,41.05
3.49,34.42
5.63,27.99
10.29,76.51
3.66,59.68
2.31,8.82
1.55,23.87
3.57,22.73
9.36,79.98
5.66,51.82
2.73,33.13
1.99,13.95
3.99,51.83
11.28,84.34
4.12,35.27
11.86,97.31
5.82,35.36
2.15,14.34
10.69,87.16
5.52,39.87
8.52,92.54
11.8,86.05
0.6,16.61
1.16,17.85
8.65,69.03
3.38,18.4
2.21,10.01
0.47,0.0
0.26,0.0
9.29,64.32
1.61,0.0
5.61,58.36
7.27,64.35
5.14,48.98
0.33,8.49
9.4,76.89
0.13,15.62
9.14,67.03
10.72,86.82
5.19,49.02
6.43,38.2
5.72,76.76
4.67,37.65
10.65,86.61
10.73,98.39
4.03,41.39
7.38,59.43
11.12,90.28
11.54,77.32
6.11,43.3
5.43,48.64
3.34,31.19
11.51,100.0
1.71,12.51
6.96,41.79
3.39,37.69
3.35,41.15
4.86,47.86
11.99,94.25
0.66,15.72
6.94,89.83
0.99,9.08
1.85,1.72
5.27,36.34
6.13,55.26
3.11,8.8
3.8,32.07
1.04,12.15
3.64,44.46
11.6,100.0
11.34,99.34
4.02,10.52
6.85,64.01
10.92,94.38
0.07,3.15
9.73,60.52
11.38,83.28
1.1,0.0
1.94,0.0
11.53,92.2
6.45,43.63
0.17,27.62
3.09,23.04
5.4,56.13
8.31,50.83
8.8,65.08
11.95,96.53
3.45,18.52
6.46,47.45
6.4,49.02
4.87,36.6
2.03,34.79
11.73,97.62
10.24,86.71
5.98,53.24
7.24,64.04
2.73,20.99
6.53,49.0
8.34,68.39
6.18,61.02
11.88,100.0
7.34,56.28
4.45,43.29
9.27,72.18
2.05,16.7
4.61,32.18
4.16,31.49
5.18,54.87
9.38,75.98
5.81,47.83
9.53,61.75
6.92,52.25
4.1,30.43
9.72,69.47
2.86,23.09
2.69,17.25
6.05,49.23
3.13,26.26
0.11,0.0
7.78,58.25
6.13,49.84
5.35,54.61
11.6,95.4
6.85,48.22
10.36,86.88
1.67,30.46
6.83,63.81
10.42,88.8
7.0,63.23
8.62,83.33
4.46,46.47
1.11,14.54
5.49,54.64
4.73,27.05
10.4,68.22
2.93,24.99
11.6,93.49
11.5,86.54
2.97,32.03
4.18,14.78
10.75,80.63
11.6,87.95
5.32,26.21
3.85,45.76
6.31,36.91
8.25,60.14
3.28,35.33
8.84,77.16
0.62,0.0
0.59,11.56
4.64,39.98
4.24,57.26
3.79,34.34
5.89,45.73
3.85,22.23
2.31,11.01
3.71,21.45
11.7,100.0
4.93,39.65
5.34,48.34
6.92,70.49
11.8,70.82
2.9,35.98
8.18,65.96
8.59,73.09
7.29,50.02
1.06,0.95
8.12,69.87
0.77,30.0
7.15,67.26
8.87,83.66
2.53,18.33
10.1,74.79
0.36,0.0
10.13,76.12
5.52,23.66
2.61,13.64
1.61,7.24
11.44,89.76
0.87,8.29
2.39,22.74
4.17,33.24
7.44,53.73
6.54,32.67
1.51,6.31
3.48,18.09
2.87,27.58
2.56,29.59
4.93,48.86
8.45,75.16
2.61,19.54
4.4,29.98
4.69,30.06
11.72,78.66
11.46,100.0
9.6,75.07
2.9,10.74
0.82,0.0
3.8,21.75
3.2,26.04
6.07,59.24
9.33,71.18
10.3,59.87
10.14,79.22
4.32,32.97
8.25,63.73
3.75,23.76
0.73,8.02
8.42,68.01
0.12,0.7
4.91,43.41
3.95,27.32
8.32,61.7
9.19,87.36
3.65,34.79
9.74,86.19
3.53,40.48
5.36,48.11
8.72,79.08
8.32,50.73
11.85,96.83
2.7,19.79
7.95,80.36
7.32,67.81
10.98,81.54
1.88,18.74
9.02,73.85
6.82,59.1
3.3,16.18
5.69,49.15
4.01,29.76
6.95,58.44
10.67,78.1
6.83,48.8
7.58,72.38
6.22,39.28
0.61,0.0
2.79,21.84
5.9,39.51
3.72,20.93
2.18,18.5
6.05,33.35
3.87,20.91
3.1,45.32
5.57,49.14
1.6,5.33
11.13,93.25
10.41,88.97
8.49,77.88
1.27,8.92
9.31,84.25
9.7,57.18
9.21,63.14
1.37,12.58
7.73,65.11
10.01,70.98
6.93,58.02
7.76,55.82
5.5,41.23
6.34,61.0
0.41,12.39
7.67,51.37
0.98,0.0
5.22,37.65
3.51,27.83
6.55,45.78
1.6,23.21
8.3,69.87
9.54,80.38
1.96,3.02
1.25,21.69
1.75,0.0
10.53,92.54
6.34,60.05
5.61,40.53
1.28,22.97
7.79,61.73
10.42,83.95
9.94,82.9
7.51,91.97
0.9,20.67
1.35,17.8
0.59,0.0
3.09,26.15
1.63,4.89
3.12,33.19
4.62,38.37
11.32,79.28
7.32,59.41
10.02,71.66
8.52,69.71
1.35,2.21
8.83,70.92
3.3,33.91
7.67,60.82
4.09,28.82
11.97,97.81
3.16,32.27
3.35,15.72
11.17,91.95
0.3,15.54
8.36,72.62
8.7,70.21
10.04,86.69
11.69,98.07
11.71,100.0
0.78,0.0
9.86,63.36
7.76,72.09
7.77,47.09
1.54,16.34
7.8,58.9
11.79,84.36
10.94,91.03
5.27,44.17
0.48,24.94
4.35,28.53
9.92,93.73
8.42,70.87
5.51,37.49
0.66,13.28
5.12,46.64
5.63,45.38
11.14,91.8
7.69,55.57
3.74,21.66
6.3,58.02
0.79,4.1
11.67,92.57
4.32,37.36
5.73,48.53
4.26,19.81
8.19,78.38
7.95,64.79
8.58,66.64
3.22,30.05
3.79,32.67
1.5,19.69
7.87,68.31
0.48,11.0
7.17,70.89
10.44,92.33
10.69,83.92
5.39,31.88
5.51,60.77
0.92,5.01
8.05,59.66
9.86,61.47
2.94,26.87
5.06,41.93
10.07,65.38
10.53,88.74
2.92,18.36
6.61,79.76
2.31,12.79
1.22,5.43
10.93,78.72
9.85,91.55
9.12,69.24
0.59,0.0
10.12,88.07
5.26,28.25
4.11,39.12
6.56,70.28
1.1,14.44
9.08,79.02
6.99,64.61
2.24,35.01
2.26,30.17
2.21,22.08
0.68,14.51
7.05,47.57
10.08,88.44
0.21,0.0
0.59,1.03
6.87,24.16
9.83,82.69
3.92,24.93
4.2,44.67
7.16,61.15
3.29,37.57
0.32,0.0
8.82,80.97
7.51,81.12
6.97,63.39
8.9,79.11
8.1,66.52
2.47,14.52
4.23,41.45
1.51,0.0
1.56,8.29
8.11,47.2
10.3,75.39
11.55,98.84
7.54,65.38
2.21,18.18
1.27,11.85
9.75,59.18
6.95,51.83
7.42,52.54
9.38,68.43
8.44,73.51
10.01,71.5
0.67,0.0
8.97,50.89
10.21,78.74
3.43,16.59
7.69,62.27
3.77,20.65
11.5,93.01
0.4,1.76
6.96,72.38
2.0,20.96
8.55,49.98
2.11,4.24
2.82,23.15
5.93,38.16
10.98,58.14
2.54,33.82
1.73,21.05
9.11,78.07
6.01,41.99
10.94,91.81
1.76,7.03
7.75,64.06
2.79,13.15
1.88,30.21
8.2,49.91
7.12,69.32
9.06,72.85
3.71,24.81
5.38,44.68
4.87,46.26
11.81,100.0
3.51,31.19
3.54,19.4
4.25,34.59
6.78,72.37
3.03,37.7
10.98,96.96
3.19,33.46
10.75,92.99
1.24,21.52
7.88,58.46
10.88,73.52
2.02,16.89
11.62,84.78
5.43,32.93
11.35,83.59
8.12,89.83
3.62,30.31
2.26,21.7
3.64,16.93
1.12,0.0
1.73,5.62
1.26,24.43
5.08,43.95
9.55,82.36
1.7,20.96
1.56,6.6
7.72,75.65
2.37,12.6
1.17,23.43
2.0,20.44
11.08,70.79
9.86,71.38
4.25,16.14
7.87,74.59
6.45,51.33
8.13,42.72
8.19,69.29
7.54,54.99
3.19,10.71
0.47,20.52
5.47,44.81
10.69,82.6
6.83,50.68
9.99,64.78
11.9,82.15
1.96,28.56
8.3,61.67
8.09,64.95
11.76,73.63
11.83,81.44
8.24,72.02
2.92,27.16
9.58,94.2
1.28,23.7
9.37,72.64
10.92,92.11
4.59,33.59
7.57,81.09
5.16,52.78
5.25,43.72
3.72,31.8
9.15,87.61
11.23,95.67
11.29,100.0
2.1,0.0
10.5,88.59
8.85,65.64
3.03,41.84
0.81,21.92
3.22,26.06
10.95,100.0
7.6,78.62
8.65,69.97
3.09,49.41
8.63,68.75
0.34,0.55
4.5,44.69
7.52,56.63
1.75,14.88
9.88,93.1
2.82,22.76
7.83,45.67
4.86,42.57
7.15,50.26
1.29,18.97
0.2,8.59
10.91,100.0
3.24,34.96
9.84,89.59
11.99,89.25
2.54,28.34
3.18,45.14
7.95,56.75
11.59,100.0
10.99,82.42
6.03,39.76
9.54,79.29
1.63,20.19
11.73,100.0
11.57,82.96
1.96,20.06
3.59,21.89
1.2,0.0
3.26,16.8
9.79,70.82
4.54,41.53
1.06,20.01
4.11,18.12
11.78,97.73
7.56,48.68
4.99,46.24
2.0,9.76
11.83,84.16
9.85,86.8
3.38,21.15
0.84,3.57
0.68,0.0
1.44,21.02
6.97,63.96
11.15,89.22
5.96,32.41
10.12,93.02
5.35,36.14
8.5,63.49
8.78,93.38
2.09,9.66
4.33,42.1
7.65,66.8
0.85,10.69
4.34,37.53
6.42,55.1
11.95,98.36
5.69,45.04
9.79,93.45
5.18,28.35
9.56,86.67
7.14,65.38
10.64,92.1
4.93,50.62
7.25,57.09
7.56,41.79
5.01,39.35
1.73,3.94
1.12,1.66
0.2,0.0
10.48,79.09
2.84,16.74
2.54,0.0
8.83,77.66
3.84,52.92
6.07,54.64
1.95,13.57
11.52,91.59
10.22,77.54
10.37,83.82
4.88,38.68
9.15,64.78
1.73,30.64
0.1,0.0
0.24,9.1
7.04,55.3
5.46,62.73
6.22,53.14
0.09,0.0
5.07,38.1
8.62,69.33
5.31,31.07
8.79,62.62
2.8,4.52
9.76,68.83
7.06,57.43
2.53,23.24
2.84,2.93
7.54,58.92
9.96,85.31
4.99,38.27
3.1,18.46
10.4,79.11
8.03,58.84
5.38,36.65
5.85,48.58
2.45,42.69
7.52,52.74
4.3,31.26
11.95,95.06
5.76,39.22
5.83,57.63
6.79,30.61
11.0,82.7
9.61,85.06
5.41,40.37
8.62,60.79
7.03,60.69
5.91,56.33
2.31,20.57
5.57,36.53
2.95,28.16
10.98,83.8
4.02,39.65
11.43,100.0
6.4,25.12
7.58,61.74
6.52,34.76
1.55,36.84
4.51,31.4
1.19,16.98
7.48,59.45
5.36,34.87
9.34,65.47
2.65,37.02
1.97,25.36
4.88,58.44
11.12,89.51
8.53,71.08
5.03,37.54
6.21,46.79
1.01,0.0
11.81,95.36
8.0,56.08
3.42,31.82
7.03,57.94
1.31,13.39
11.59,100.0
2.1,16.4
7.78,69.78
2.95,44.08
8.61,81.95
9.32,86.11
8.08,61.58
7.37,61.29
10.71,72.49
0.94,12.54
3.97,34.51
2.98,24.07
11.86,100.0
4.67,25.3
8.79,86.68
8.22,74.75
2.54,19.65
2.87,21.46
3.38,31.81
4.93,54.68
2.81,23.51
0.24,3.33
10.55,84.6
11.59,100.0
4.1,29.1
4.06,32.2
0.09,15.32
8.16,66.77
9.91,90.61
1.76,4.96
1.92,13.28
9.48,90.69
7.4,52.4
0.54,2.79
7.47,62.33
3.71,19.76
4.42,31.26
9.24,75.02
9.73,78.32
4.8,51.24
11.37,100.0
4.88,30.46
9.26,75.21
5.81,53.19
10.77,100.0
10.89,94.33
1.05,11.3
11.24,96.57
9.91,85.99
9.5,66.69
2.41,21.22
9.66,91.88
10.2,79.54
3.47,29.05
11.43,88.99
0.6,0.0
1.8,14.6
6.45,54.63
6.91,50.15
7.74,50.39
0.2,0.0
11.52,99.84
0.54,24.01
1.72,27.56
0.17,0.0
6.8,62.96
11.19,82.87
7.99,58.11
9.87,74.36
0.16,8.34
6.5,61.63
5.51,43.14
5.99,47.09
0.87,11.58
8.21,71.39
6.04,60.07
9.18,60.61
5.82,46.79
1.79,3.66
7.78,61.72
2.07,14.29
10.47,83.28
7.36,50.86
1.89,0.22
11.55,71.44
6.22,48.45
0.87,2.69
7.52,53.42
3.04,37.53
9.64,68.56
9.81,92.68
11.75,100.0
6.02,28.67
5.46,44.6
9.04,68.34
1.59,0.0
6.56,38.06
6.55,60.19
1.07,28.78
5.02,49.15
10.24,85.15
10.27,81.98
1.19,26.35
1.09,30.19
3.15,19.35
10.5,63.98
1.55,0.0
8.64,82.34
1.21,9.24
7.48,61.65
4.27,16.28
9.47,68.2
2.8,19.48
7.67,63.44
2.83,18.64
8.56,58.14
10.48,76.03
1.52,24.26
10.4,85.64
7.12,63.1
1.53,3.21
5.13,11.51
1.93,10.21
8.4,58.57
9.11,76.34
1.27,43.01
6.07,55.54
9.78,100.0
11.23,95.56
6.16,43.0
11.4,94.71
6.43,69.23
4.73,56.14
10.18,75.67
5.92,49.86
5.66,31.01
5.88,55.32
10.16,96.82
9.98,80.26
4.84,32.06
4.0,35.6
5.9,51.4
6.87,55.8
2.86,24.67
9.53,74.48
5.84,56.66
4.01,39.43
1.28,0.42
2.87,12.82
11.39,88.59
3.66,36.66
2.03,17.69
5.53,37.79
3.69,32.1
0.42,0.07
3.88,39.83
6.53,55.57
6.62,49.81
4.28,36.54
5.37,56.09
11.59,86.99
4.53,40.25
3.1,24.09
2.92,27.64
5.49,37.4
9.11,74.02
2.47,30.85
8.51,58.72
0.25,0.0
5.03,27.3
9.31,62.78
4.06,38.47
6.76,40.06
2.46,16.7
8.9,77.41
0.63,9.19
10.23,77.99
2.38,20.94
10.49,85.01
4.23,31.6
8.67,67.27
3.83,53.0
10.87,95.06
1.52,36.96
2.14,12.17
5.92,46.48
0.98,0.0
2.35,10.72
11.33,100.0
11.72,88.52
4.52,55.31
11.08,76.2
6.54,41.77
3.24,22.48
8.43,66.79
7.91,72.49
11.87,99.46
3.18,21.28
8.06,63.18
0.62,1.8
1.36,1.76
0.05,0.0
11.99,100.0
9.63,58.74
9.44,91.7
6.12,45.5
3.6,21.08
1.82,21.92
3.42,42.18
4.51,47.27
9.08,77.62
6.48,62.68
0.93,0.0
0.22,0.0
1.23,0.71
4.93,51.65
11.2,85.75
7.65,69.64
9.62,82.33
5.6,36.15
4.34,28.85
1.3,23.34
10.51,76.33
9.4,76.43
2.02,8.31
6.15,46.04
5.85,46.33
7.5,52.18
11.35,81.23
6.96,58.52
6.48,43.41
0.6,0.0
0.75,0.0
2.25,17.21
0.39,12.55
8.92,86.43
8.68,62.18
1.63,34.56
10.03,70.22
1.86,25.69
3.61,21.7
2.99,15.19
4.47,28.29
3.06,23.92
5.87,52.74
4.89,45.81
11.84,85.27
0.67,0.0
1.71,4.48
0.63,3.96
7.51,57.98
0.65,0.0
10.04,82.99
6.14,71.77
6.32,45.55
6.74,49.58
2.05,21.99
2.37,13.39
3.83,37.3
7.12,49.79
2.52,38.49
1.4,14.62
11.64,86.93
0.26,0.0
9.63,71.92
9.46,89.38
3.57,15.85
1.63,6.34
1.75,8.36
8.37,66.8
7.71,59.0
9.39,60.23
11.25,86.0
8.3,65.43
1.87,8.68
2.92,30.24
10.11,90.04
2.51,19.31
0.87,9.27
8.44,45.9
4.83,34.43
11.04,98.37
7.8,58.19
1.09,1.31
11.37,100.0
3.1,43.01
4.05,37.05
4.83,50.01
0.61,0.0
5.96,39.79
1.48,7.14
4.81,36.13
4.21,28.77
9.27,48.69
9.64,80.96
1.84,20.16
4.4,51.21
4.48,27.96
1.82,5.83
9.58,49.85
8.49,64.96
2.28,27.29
4.4,29.09
1.27,31.59
7.54,57.74
1.46,13.12
11.83,81.02
9.37,77.82
4.68,17.67
6.94,62.48
10.94,94.73
6.65,66.79
2.09,6.55
4.54,37.96
10.12,86.58
7.73,66.27
7.81,53.82
10.4,59.3
10.73,89.29
11.04,86.78
1.14,3.44
6.53,59.88
8.89,70.64
9.08,59.47
7.28,38.93
2.0,4.72
9.57,100.0
8.64,76.36
1.03,10.16
5.57,42.71
2.09,14.23
4.05,44.07
0.22,0.0
4.8,44.2
6.6,49.3
7.43,78.88
7.96,71.12
10.04,92.74
2.59,14.84
1.45,22.15
10.22,78.62
1.88,16.14
11.7,100.0
10.11,70.46
6.01,50.12
11.78,98.6
1.17,14.55
3.64,24.59
7.66,82.13
4.2,20.65
11.14,100.0
0.79,18.45
6.59,71.75
7.09,40.84
7.83,53.97
3.07,39.46
4.37,16.23
10.12,64.93
2.34,13.83
9.92,81.3
6.75,69.94
9.15,71.32
8.56,62.42
2.49,23.04
6.83,59.3
10.41,87.71
5.19,39.7
11.6,73.24
5.43,34.24
1.71,27.91
4.67,39.26
11.42,88.14
3.84,41.87
10.42,72.04
10.58,82.35
4.2,35.0
1.0,3.58
8.69,70.57
3.74,28.03
9.4,61.17
5.31,44.31
5.82,33.3
9.33,76.34
4.59,50.45
5.32,39.73
4.51,24.4
4.41,33.99
6.31,42.17
9.71,83.59
4.34,33.25
6.29,67.43
8.05,76.02
3.23,24.34
3.33,33.8
11.2,85.68
8.68,69.8
6.93,51.8
7.77,69.85
0.35,17.14
7.42,67.32
6.11,58.13
6.55,61.62
4.31,40.02
0.98,0.0
2.32,35.57
11.41,100.0
4.9,36.9
5.6,41.09
0.63,11.18
0.45,9.11
8.61,66.83
6.46,39.16
6.1,51.89
2.92,28.85
8.94,78.75
2.02,19.64
2.28,15.52
5.53,54.17
3.44,28.14
2.97,19.11
7.74,60.14
7.81,45.03
9.89,77.33
5.01,46.98
0.88,10.41
3.28,41.48
11.76,91.45
7.16,62.11
8.52,76.06
0.09,24.13
6.22,51.2
0.45,0.0
6.83,63.13
11.05,100.0
11.62,89.74
6.49,60.3
5.5,56.27
11.34,100.0
8.08,65.92
0.78,0.0
5.59,43.9
2.88,27.65
5.64,54.18
5.47,47.06
6.99,52.09
4.28,39.8
1.97,24.37
6.04,52.15
9.96,71.34
7.97,61.93
4.06,41.96
11.23,75.98
10.95,66.64
2.51,35.18
0.47,8.9
8.9,77.23
9.93,68.68
11.61,100.0
10.68,88.18
7.21,41.81
6.36,65.13
0.33,4.26
2.96,19.72
5.52,40.34
7.54,40.18
6.69,59.43
8.91,73.91
3.36,24.92
6.78,67.02
1.06,0.0
4.96,33.74
9.0,63.52
8.32,63.78
11.89,95.78
3.33,30.98
5.98,44.36
3.95,22.86
5.29,59.16
10.28,100.0
8.21,67.12
10.59,77.15
2.44,34.29
10.48,69.38
0.72,2.39
10.66,78.34
3.95,20.0
3.78,27.4
6.15,40.52
11.29,90.43
0.57,4.86
4.23,27.6
10.28,78.53
4.75,35.71
2.39,27.22
5.1,39.3
4.63,45.26
10.98,93.74
9.14,78.86
6.06,62.37
11.86,83.69
5.58,39.93
0.7,23.22
3.15,22.61
5.23,13.71
1.88,13.03
11.37,92.32
9.2,47.45
3.22,39.09
7.09,49.58
8.66,72.54
11.3,88.1
10.58,71.75
6.18,38.75
9.3,65.02
6.75,64.82
6.63,51.58
1.38,5.8
1.51,2.76
6.35,62.8
3.23,40.45
0.25,13.87
8.67,74.32
0.39,6.02
7.14,44.99
6.47,49.3
11.63,86.17
5.81,28.23
0.76,16.68
6.62,46.0
10.09,92.7
11.96,100.0
5.16,46.88
3.84,36.88
10.88,80.89
2.29,36.94
7.39,59.51
4.87,41.97
0.49,0.0
4.17,24.03
3.18,30.23
8.23,68.04
11.39,83.19
3.22,11.35
9.74,65.2
0.66,17.28
6.46,45.53
0.85,3.38
11.21,100.0
9.2,62.35
7.9,55.89
9.89,71.41
7.77,78.34
11.63,100.0
8.57,76.06
11.1,96.6
6.21,43.84
1.4,30.71
6.34,53.38
1.52,20.71
7.11,55.82
5.79,43.64
7.47,76.4
0.12,6.36
2.34,33.22
5.9,49.72
11.41,82.76
4.6,30.99
5.09,41.77
8.58,62.35
7.25,46.89
3.59,40.71
4.93,33.99
2.61,22.28
11.59,95.7
1.57,6.66
4.46,50.2
0.31,0.0
2.66,23.91
9.37,77.39
2.41,18.77
0.96,0.0
5.69,54.26
0.12,8.39
1.02,1.38
9.69,84.61
9.26,77.81
10.98,75.05
10.25,73.49
8.2,76.97
0.63,8.12
9.39,69.51
10.15,72.58
9.59,71.56
6.1,44.37
2.79,13.9
10.14,63.73
8.73,81.21
11.77,100.0
1.87,2.21
2.71,23.03
2.54,11.31
9.51,73.47
2.24,14.5
0.8,2.12
11.98,100.0
0.3,0.0
10.02,72.1
4.38,27.45
10.1,91.23
6.66,36.72
10.82,78.93
11.11,100.0
0.11,3.31
0.9,9.16
3.0,45.36
8.03,66.72
10.66,78.19
5.52,41.33
7.28,46.92
2.26,30.66
9.66,83.02
11.61,100.0
3.22,37.92
5.94,43.36
1.03,0.0
6.71,53.16
6.03,39.54
1.73,15.52
5.3,53.76
4.01,30.39
6.26,51.6
7.03,55.28
0.1,8.84
9.13,66.38
8.56,46.48
4.4,39.87
0.64,14.96
9.06,76.94
11.46,85.29
2.88,11.7
3.88,36.0
2.21,19.06
6.92,54.13
1.86,33.09
4.27,24.73
8.36,84.66
6.72,54.09
4.64,18.74
5.04,38.55
6.75,63.56
0.07,0.0
0.94,0.0
10.58,82.96
0.93,0.0
8.48,72.77
11.04,96.06
3.25,15.42
4.45,28.51
6.83,62.18
10.58,76.06
11.3,79.6
8.87,59.21
1.04,11.84
8.03,67.33
4.92,32.55
5.65,45.24
0.59,19.99
2.29,8.6
9.49,56.37
5.45,48.13
3.62,27.86
4.61,29.77
10.25,88.54
8.99,80.3
3.27,4.06
1.41,4.75
3.02,47.37
11.05,94.23
6.98,62.59
6.4,62.94
7.16,57.42
4.39,43.11
9.69,84.66
6.28,55.63
1.4,7.99
1.55,14.11
6.44,45.65
11.24,90.04
3.7,17.92
10.43,75.57
9.17,70.53
2.97,14.35
0.44,0.0
1.22,8.14
8.74,73.96
2.4,28.66
4.46,31.0
6.02,61.51
8.71,79.03
1.36,15.91
4.88,40.55
5.82,49.76
6.49,63.79
9.82,90.8
2.06,29.83
9.69,77.97
8.31,72.07
6.67,66.8
8.39,60.92
4.94,36.37
1.66,13.45
7.99,72.91
6.3,59.52
7.67,59.07
4.06,17.36
10.88,89.52
7.05,47.2
1.02,0.0
5.4,30.54
9.08,75.87
9.53,89.85
5.94,47.87
10.74,88.01
3.21,37.53
4.93,23.97
10.78,91.47
10.76,85.92
8.23,71.49
10.31,77.63
1.07,0.34
10.38,84.44
3.85,47.27
2.14,25.73
2.87,17.9
5.02,26.72
3.01,7.29
3.85,43.94
1.62,3.41
3.55,25.18
6.87,68.15
5.3,26.28
4.16,48.21
8.96,69.12
10.72,74.29
9.08,70.18
3.98,24.65
8.93,75.87
1.82,8.11
1.56,0.0
4.15,30.97
9.69,63.97
2.96,25.69
0.76,0.0
1.58,7.76
10.3,84.27
7.61,58.72
3.04,26.81
6.66,60.11
6.33,39.07
7.87,62.28
2.8,0.0
10.37,85.46
3.71,26.69
8.33,56.8
0.19,4.71
4.47,47.5
4.22,29.0
6.52,42.73
0.87,8.63
9.48,62.5
2.61,14.3
8.12,77.22
9.64,77.73
6.74,35.15
8.89,53.15
7.94,65.16
4.27,42.75
9.71,61.47
3.54,32.79
6.85,68.14
8.94,90.44
4.55,39.69
3.63,34.13
5.51,22.77
9.82,99.52
11.16,83.52
6.54,42.99
7.94,60.95
10.84,100.0
1.18,31.54
2.78,23.53
8.51,78.04
9.88,79.51
10.28,71.9
4.98,54.62
1.07,2.36
5.25,57.38
2.77,35.14
3.49,34.1
9.27,92.43
0.91,29.57
9.93,77.7
5.13,32.97
7.15,38.58
1.08,31.05
4.05,27.99
1.08,19.96
11.54,84.9
9.69,92.88
5.52,37.12
2.68,9.55
11.2,87.53
4.14,27.76
1.93,21.42
6.76,53.55
11.33,96.88
0.05,0.0
2.86,16.21
11.26,84.26
2.05,36.87
1.36,13.12
6.84,34.9
10.34,77.53
5.73,46.77
11.93,100.0
8.15,75.49
0.89,0.0
11.91,100.0
4.89,38.85
3.45,40.05
6.69,42.01
3.65,5.23
1.04,0.0
0.02,0.0
5.4,64.28
10.04,82.48
6.87,45.7
11.99,100.0
3.44,29.43
3.37,33.13
1.92,27.43
1.97,12.85
3.42,18.58
9.51,84.39
10.87,94.98
11.7,94.62
2.79,44.08
10.58,80.23
3.94,22.51
1.35,15.01
10.44,76.77
7.63,66.02
1.98,7.48
5.16,37.26
3.45,46.49
8.84,66.68
5.44,35.54
11.87,100.0
0.66,0.0
4.26,27.15
5.78,52.03
6.04,57.68
3.79,42.53
8.75,62.53
10.5,89.94
11.26,85.46
9.66,71.23
10.21,93.69
6.61,47.36
9.91,82.07
3.64,30.69
4.78,27.55
3.8,40.08
5.61,50.47
3.43,7.55
11.54,95.09
3.75,22.3
1.18,20.38
6.32,36.12
0.69,1.92
1.33,14.23
2.63,21.6
5.57,52.21
5.2,26.41
9.6,93.29
8.87,76.24
5.12,54.52
4.0,40.78
3.8,30.26
9.29,61.46
0.62,0.0
0.15,17.13
9.55,90.23
5.73,39.61
1.57,0.0
2.83,20.49
11.19,86.64
10.31,80.01
8.52,73.42
5.79,55.06
6.24,59.85
11.7,98.08
11.59,74.71
2.58,17.25
9.73,100.0
2.37,22.68
2.56,24.18
8.11,68.5
4.86,43.03
11.18,65.6
1.07,6.15
6.14,48.73
11.02,100.0
10.85,87.27
1.88,0.0
4.4,39.5
7.43,51.4
1.91,3.13
11.62,84.59
10.98,93.24
2.0,28.61
1.45,16.46
1.02,14.52
10.91,92.04
2.32,19.6
5.0,46.93
5.39,18.9
7.19,58.62
0.86,0.0
2.72,33.4
11.18,87.95
10.9,87.52
9.38,59.95
0.23,12.03
3.92,37.67
7.54,65.85
3.3,18.29
10.92,79.58
7.61,63.09
0.86,0.0
10.91,91.61
11.49,70.34
0.93,2.58
6.39,69.07
3.64,33.52
4.71,39.38
2.16,37.1
6.94,32.14
11.5,83.81
6.04,44.28
0.99,16.54
7.44,68.28
4.08,24.0
10.27,92.15
5.22,37.7
2.31,30.63
2.29,8.02
9.23,72.57
3.19,20.59
9.21,84.21
2.47,14.54
3.86,30.46
5.59,49.75
11.32,96.0
11.18,98.32
2.48,21.97
4.3,30.21
1.79,10.85
6.12,49.22
5.53,46.71
10.81,85.0
11.16,89.47
4.6,21.65
5.9,53.88
10.75,87.85
9.68,87.46
0.04,0.35
3.84,13.34
5.06,36.91
2.76,20.05
2.39,26.59
0.45,0.0
7.72,62.18
3.15,30.34
0.63,0.0
2.77,22.92
9.62,70.71
10.22,74.45
5.8,42.29
4.99,32.84
11.73,100.0
2.41,11.9
2.58,11.65
3.5,45.7
2.07,26.19
4.55,17.8
10.93,79.79
7.38,61.5
4.94,42.78
11.21,74.8
0.58,16.24
2.52,28.44
6.79,59.14
7.39,72.66
0.47,8.32
4.84,43.18
7.79,77.9
8.38,78.03
7.66,52.85
3.85,37.11
1.12,2.34
5.13,46.04
1.55,17.13
11.37,77.14
5.7,44.4
3.81,33.11
9.2,69.2
5.98,50.95
3.72,37.82
9.74,77.64
10.41,85.49
8.08,78.44
0.56,9.24
6.8,56.38
9.16,63.7
1.64,19.81
2.74,25.25
10.59,97.56
0.24,2.4
9.03,54.1
5.69,28.48
5.36,50.25
0.09,0.0
9.83,83.03
4.32,35.69
6.49,50.25
8.13,64.06
8.43,58.8
11.47,91.62
6.38,45.16
4.8,34.65
11.44,88.32
7.71,59.38
3.58,37.84
1.52,10.84
10.11,91.12
4.35,50.15
7.93,71.95
5.65,50.54
2.39,22.37
7.22,66.42
0.73,6.72
4.96,49.53
6.56,58.62
5.23,38.26
8.98,80.83
9.94,80.4
9.25,72.98
0.47,0.0
2.33,20.3
6.44,61.48
11.22,98.63
10.02,83.69
10.11,86.88
3.64,41.82
5.15,39.73
5.65,34.03
1.89,28.12
0.37,0.0
11.36,84.0
2.89,5.15
2.88,28.75
1.0,0.0
11.14,81.63
6.96,61.54
8.0,71.25
10.94,80.99
4.15,31.84
7.46,50.94
0.47,0.0
2.24,20.59
9.97,74.78
9.2,71.17
4.21,19.01
4.52,47.5
6.4,56.32
0.0,7.95
2.89,36.06
2.5,11.74
3.01,20.46
9.67,58.42
3.36,58.25
2.3,16.89
6.05,58.8
10.39,70.72
2.9,33.13
0.94,26.12
4.28,33.61
8.97,61.67
6.61,51.48
9.8,56.14
11.52,91.74
9.51,84.31
7.25,57.61
5.92,44.52
0.48,9.12
11.81,100.0
4.6,20.22
1.83,15.5
8.0,88.36
3.41,13.94
7.03,55.38
7.04,75.75
5.35,53.83
10.03,75.13
3.18,27.5
5.38,43.05
6.45,44.14
7.96,62.97
9.41,72.46
4.74,39.03
7.75,54.54
1.81,1.69
11.19,89.12
4.6,53.92
8.75,70.86
0.24,0.0
2.46,27.24
5.84,45.18
10.54,100.0
6.33,50.58
11.16,96.27
5.81,38.9
5.89,52.11
1.44,14.25
9.63,76.49
2.96,18.69
10.8,79.98
10.93,90.26
11.32,96.85
6.24,48.67
8.13,67.87
9.34,74.36
1.57,13.56
7.21,55.69
0.41,3.47
5.97,74.75
1.86,17.98
2.2,24.01
4.38,39.42
5.19,38.89
7.48,72.76
0.89,4.23
6.04,58.9
2.19,14.19
6.89,45.5
7.65,64.84
6.68,42.4
8.86,76.23
4.03,20.28
9.18,70.26
5.19,27.23
5.81,74.72
7.78,45.68
0.22,1.86
7.85,74.22
7.42,69.75
3.72,38.26
1.03,5.06
1.09,22.24
11.08,97.76
8.27,68.29
1.53,14.61
4.28,31.21
7.11,47.78
10.03,92.59
0.52,17.31
2.84,13.88
10.68,83.88
0.11,0.0
2.42,19.01
11.51,92.71
7.36,68.36
3.14,17.65
0.8,0.0
0.34,15.07
2.94,18.87
10.58,71.99
4.99,35.08
8.64,65.85
11.02,100.0
4.9,48.42
2.3,29.84
6.21,57.84
10.9,96.64
9.65,70.34
0.79,4.33
8.31,56.59
6.86,52.8
10.89,93.96
1.47,13.1
6.41,64.38
10.55,73.01
4.92,44.36
5.78,33.79
0.85,7.71
3.34,34.11
3.89,29.01
11.34,96.24
3.39,17.54
5.53,27.61
8.06,70.02
1.95,33.01
5.84,36.74
8.86,83.12
10.4,83.65
7.52,46.76
8.03,52.91
1.52,12.28
11.35,86.75
1.59,0.0
9.3,57.43
3.18,16.96
11.2,91.56
8.64,69.05
9.05,67.35
2.63,23.05
5.32,52.93
7.41,63.25
9.24,72.7
1.25,19.26
11.55,82.79
10.68,83.21
3.24,23.94
9.87,66.62
6.22,45.56
5.54,23.58
3.77,49.31
6.97,46.4
8.76,85.93
4.93,39.83
7.55,66.05
8.39,62.25
8.53,70.35
0.62,11.49
10.32,89.18
5.5,51.74
3.15,21.51
2.9,18.41
5.8,30.43
10.64,90.37
4.54,47.15
9.0,88.13
1.16,12.35
5.71,38.04
11.9,78.23
9.25,84.38
2.53,2.25
6.02,44.73
2.8,20.18
4.91,38.62
9.36,75.25
9.25,75.42
2.74,0.0
11.07,88.68
7.11,34.59
4.56,43.79
6.02,42.63
7.26,36.52
6.72,45.61
5.84,40.99
6.06,60.38
2.12,18.9
9.75,81.47
6.5,63.82
1.57,11.62
9.19,81.09
11.19,96.35
11.37,78.08
4.43,50.16
1.63,0.0
6.22,58.94
1.35,0.0
11.21,95.68
2.2,36.24
3.03,22.14
4.88,36.47
4.6,42.89
9.54,72.99
5.48,61.99
2.05,18.32
3.21,22.45
6.11,43.47
1.77,4.83
7.34,52.44
6.79,50.81
8.58,63.74
11.25,83.44
10.95,100.0
11.35,80.52
2.94,24.96
1.58,18.56
3.63,35.32
10.74,85.34
11.66,90.91
10.31,87.01
1.32,13.23
11.37,88.36
5.08,25.02
0.11,0.0
5.31,31.0
0.55,0.0
6.53,52.54
4.06,36.09
5.68,63.25
7.36,53.49
10.43,91.15
7.94,66.6
5.21,54.63
9.83,84.43
10.87,76.85
1.44,0.0
6.38,54.18
3.41,22.03
0.56,0.0
8.02,51.5
10.35,84.44
1.95,30.72
9.75,73.9
10.24,87.83
10.97,86.75
3.18,12.57
10.85,94.13
3.85,19.84
6.63,53.24
0.61,1.43
0.53,13.14
8.64,58.57
5.33,46.58
3.08,16.21
2.28,13.17
8.04,27.96
0.0,20.96
9.67,82.87
0.95,0.0
2.3,7.14
4.63,32.12
5.82,53.72
4.26,15.16
3.85,29.37
11.57,100.0
7.7,50.25
0.28,3.05
5.16,63.33
10.5,90.32
3.62,30.2
1.13,14.14
9.1,68.8
7.27,71.17
6.84,50.76
0.64,0.0
1.69,9.57
7.47,50.1
2.49,17.14
6.05,45.8
6.54,64.28
3.4,34.17
11.38,93.68
10.11,80.85
8.67,58.76
0.94,0.0
1.27,11.32
5.91,55.25
1.93,14.35
11.74,88.56
1.9,19.86
5.85,45.96
4.37,51.81
7.67,73.71
1.55,21.98
5.16,48.89
3.3,13.47
10.65,91.85
0.49,7.66
10.96,93.78
10.0,84.89
3.57,33.09
9.47,100.0
0.37,2.23
11.6,100.0
6.32,45.84
3.64,37.02
4.35,44.2
0.8,10.02
11.87,100.0
0.47,0.0
7.86,58.0
5.31,44.63
11.39,99.9
2.95,25.41
6.39,63.94
5.79,39.69
8.43,56.07
0.82,9.61
2.33,17.83
2.57,26.03
8.86,70.59
2.27,14.76
6.88,54.31
2.58,20.95
10.34,79.67
11.31,88.42
6.22,45.74
4.23,42.39
2.81,24.41
0.6,27.35
3.22,27.38
7.85,57.3
6.4,77.93
11.33,94.76
4.76,47.94
8.33,72.53
5.87,53.21
6.15,54.56
3.21,14.69
5.46,47.35
5.65,31.95
8.48,66.09
11.29,83.05
3.95,35.19
0.51,7.39
5.96,52.46
6.53,55.14
2.02,10.1
9.13,70.39
11.82,100.0
11.35,100.0
2.37,7.45
10.5,68.73
8.45,60.36
5.45,54.02
6.49,64.05
10.2,72.31
5.76,49.17
4.48,54.17
5.92,51.5
6.95,69.81
2.27,28.14
10.81,77.39
8.09,62.82
7.6,61.14
1.19,10.59
7.25,67.16
1.45,15.7
0.94,0.0
6.33,37.49
4.83,16.79
7.07,58.28
1.07,10.97
5.17,44.21
2.1,7.19
11.85,100.0
6.73,61.03
8.25,53.44
3.91,16.58
1.14,9.09
11.71,100.0
3.44,44.48
5.09,46.32
7.8,55.09
0.3,11.24
9.72,73.26
6.44,43.84
3.34,5.27
0.74,6.94
1.95,9.3
10.74,86.89
8.23,42.86
3.0,25.69
0.79,0.0
8.29,77.18
6.87,60.17
4.85,36.05
4.36,40.53
2.6,11.03
8.04,65.01
11.65,100.0
2.11,0.0
7.17,52.85
5.09,40.5
5.36,40.92
3.05,38.97
9.9,67.97
5.82,40.37
6.52,33.01
3.66,44.36
2.18,14.99
1.03,3.86
8.57,68.03
2.35,25.2
8.28,69.72
4.68,63.95
4.99,44.45
5.63,40.39
4.41,29.69
1.21,5.73
3.72,14.71
7.96,64.12
7.99,71.75
3.43,21.34
5.52,36.1
2.32,33.73
2.52,5.93
0.28,0.0
10.76,74.56
2.53,4.82
2.73,25.71
3.36,23.23
1.53,10.03
7.67,72.9
0.9,0.3
1.61,20.63
7.74,77.01
4.08,28.05
8.5,75.33
6.69,51.09
3.07,33.82
7.81,46.76
1.4,0.0
6.44,47.58
5.25,33.08
3.21,20.55
7.25,55.79
10.46,90.85
11.99,91.82
7.29,50.11
4.86,35.34
2.7,13.93
3.09,15.34
5.75,29.9
4.41,35.95
10.97,82.04
4.42,45.02
4.48,21.38
4.6,31.4
10.04,98.44
7.81,53.08
7.37,56.59
4.01,19.92
9.81,65.03
0.46,19.16
10.45,85.31
6.15,50.56
4.78,21.27
5.97,51.32
8.01,75.65
0.15,12.72
10.46,90.35
5.36,31.59
4.12,36.06
1.66,19.95
5.27,24.24
5.96,36.43
4.84,47.63
8.14,73.91
5.05,24.92
11.54,100.0
7.19,58.48
9.69,85.33
1.31,4.15
4.77,44.59
4.04,40.78
6.83,51.16
10.33,82.84
0.94,1.04
0.87,23.48
10.2,80.43
2.55,11.21
8.03,57.04
6.51,53.38
9.99,87.49
1.5,0.0
1.56,30.94
6.68,56.54
11.36,95.52
4.98,38.87
3.92,31.58
7.28,56.76
11.17,99.5
10.04,80.27
11.95,100.0
0.27,0.0
1.35,12.79
7.31,50.47
9.85,90.94
3.42,19.05
2.87,19.71
9.44,72.4
0.68,1.87
4.43,42.69
6.07,45.39
6.72,67.73
8.74,61.76
4.26,35.76
7.35,51.06
7.02,60.41
6.57,52.41
7.69,59.94
3.11,36.79
1.02,1.58
1.43,17.32
2.69,13.87
6.0,49.15
10.09,68.73
8.42,60.7
9.47,74.93
4.21,51.84
4.86,39.85
4.72,54.34
2.3,20.62
0.73,2.01
7.09,72.12
11.87,99.33
2.0,9.59
0.56,9.19
9.35,71.91
3.03,4.36
9.96,89.01
8.45,78.53
11.35,100.0
4.91,43.48
7.94,61.06
5.58,52.98
7.57,69.03
5.4,59.54
2.26,17.66
6.09,47.1
6.34,43.59
9.73,83.19
8.83,55.13
7.97,71.48
1.36,16.76
8.65,75.03
6.0,49.41
10.73,100.0
11.04,97.03
0.66,0.0
9.85,72.89
0.45,0.0
4.41,40.76
6.51,42.06
1.78,25.05
8.96,84.88
0.1,0.0
2.02,14.33
6.97,55.92
8.57,77.42
11.0,100.0
8.47,50.87
8.06,61.31
4.73,35.2
0.02,0.0
1.44,6.68
6.41,55.59
8.1,62.03
5.01,24.63
8.77,98.89
6.26,52.76
0.89,8.24
2.3,7.45
10.08,83.25
8.7,67.95
10.74,67.01
1.41,0.58
11.88,100.0
2.51,39.54
0.14,4.8
11.97,100.0
3.37,25.43
8.02,63.26
2.12,27.87
6.96,72.33
10.85,99.8
3.84,20.07
8.04,63.67
2.25,20.81
7.5,57.38
4.04,36.18
2.53,28.48
3.76,40.09
2.15,34.03
10.82,83.29
4.77,24.49
2.94,27.13
5.38,61.89
3.85,26.0
8.93,78.33
11.65,100.0
5.26,43.97
10.33,82.73
6.79,45.09
1.89,0.0
8.29,55.18
6.16,45.39
7.81,73.43
10.68,84.38
5.29,37.09
10.81,77.6
9.01,78.63
5.86,60.49
7.24,68.54
3.91,37.32
11.8,79.67
8.01,60.55
0.53,23.68
3.92,42.58
7.48,44.46
0.68,4.85
0.29,5.92
5.4,35.58
3.99,8.85
5.26,43.06
3.15,17.34
1.98,7.97
8.27,62.61
6.17,48.06
2.4,19.12
3.84,21.84
7.1,54.61
0.87,0.0
1.77,17.27
0.88,0.0
9.75,75.09
9.03,81.42
9.04,61.72
8.6,75.93
8.03,75.82
5.72,12.71
7.71,60.15
0.46,0.0
7.46,58.48
9.33,74.6
6.0,23.21
4.29,53.57
3.33,29.49
7.71,53.22
8.31,81.16
10.45,65.66
4.11,20.57
9.24,50.9
6.74,71.9
10.59,88.08
6.33,57.26
6.21,52.7
6.93,61.21
8.99,72.72
11.58,95.32
0.88,8.14
0.64,0.0
11.25,89.54
6.36,53.6
7.38,60.14
5.79,31.53
1.12,0.0
9.22,84.56
8.97,68.66
3.74,35.77
3.67,18.48
10.05,65.7
0.87,0.0
10.57,82.36
3.08,17.99
7.12,69.87
11.23,91.65
8.14,83.59
4.97,43.83
8.27,42.07
4.13,43.58
3.33,11.52
11.96,97.99
9.01,64.33
7.74,83.32
4.26,48.5
0.59,0.0
0.37,1.71
6.65,55.65
9.14,81.79
6.45,51.88
10.09,70.47
0.4,0.0
4.4,35.16
2.84,35.1
5.37,47.22
0.87,0.0
11.45,98.08
2.68,17.56
11.07,97.45
5.11,66.16
11.83,91.02
6.65,61.21
11.17,81.91
0.06,0.0
8.98,72.13
10.84,84.76
1.68,38.04
1.15,6.16
5.09,46.63
11.2,70.33
6.51,56.39
6.33,62.06
1.69,8.27
0.01,0.0
9.72,77.39
1.05,8.58
7.61,68.09
10.98,100.0
2.5,16.23
7.98,55.3
0.94,0.0
7.25,59.94
1.97,20.53
8.83,65.19
3.61,36.71
5.56,49.14
7.19,57.98
2.06,7.42
8.9,66.38
3.63,4.76
7.95,65.95
1.9,15.46
8.26,67.94
1.54,17.35
5.1,44.69
2.97,22.63
8.98,72.33
3.14,11.11
10.58,78.81
10.7,86.12
2.36,11.5
7.37,67.53
1.05,1.83
4.7,39.75
8.56,69.64
7.91,70.77
7.5,68.98
3.39,34.06
4.54,15.23
1.24,21.82
8.63,84.3
6.05,43.55
8.51,70.41
2.99,14.99
3.89,11.66
4.01,24.7
0.31,0.0
4.09,29.19
9.64,67.53
10.77,78.81
6.22,49.64
5.47,36.03
0.37,8.39
10.55,91.22
0.16,25.05
11.34,100.0
5.87,49.4
4.1,26.62
11.09,91.66
0.29,5.61
6.98,50.68
6.59,60.53
2.63,7.07
5.15,38.73
7.83,68.18
8.73,66.93
0.01,0.0
11.24,88.56
1.97,7.44
2.8,34.16
3.16,15.11
0.45,6.81
1.48,15.95
11.84,85.2
3.78,30.99
1.38,1.97
1.28,24.18
8.63,57.68
10.25,75.5
3.08,12.43
0.25,0.0
2.68,37.33
0.68,10.85
1.24,11.33
5.18,34.86
2.76,31.15
6.19,41.29
3.04,32.27
11.29,81.57
10.87,80.53
6.8,62.0
4.25,42.66
4.57,42.56
4.94,29.04
8.73,65.38
5.42,44.93
10.28,73.75
11.33,100.0
4.03,8.23
6.73,46.04
1.14,4.03
2.41,0.0
4.96,25.73
2.47,26.05
10.52,84.45
1.9,30.93
5.47,59.2
7.27,62.48
8.3,69.55
4.6,37.43
10.43,56.88
6.82,40.61
5.27,43.2
0.81,12.62
5.58,47.51
9.85,69.87
7.37,68.37
9.99,94.71
5.93,56.81
1.42,21.27
0.16,0.0
3.64,39.87
8.38,68.46
9.48,80.98
3.55,32.05
5.95,46.37
5.05,31.83
4.93,38.59
2.78,32.08
1.64,8.68
2.36,27.82
0.66,12.68
2.38,16.03
0.11,14.77
7.53,56.66
3.8,45.47
11.68,97.76
2.32,18.44
4.15,24.32
4.29,33.47
0.1,0.0
10.07,67.98
0.38,0.9
11.28,82.22
10.7,91.5
6.43,64.47
6.52,39.92
7.85,79.89
4.64,35.87
7.77,52.38
0.54,11.88
0.65,0.72
5.49,43.08
6.6,48.72
10.65,77.06
1.26,17.29
9.87,76.11
2.52,5.8
4.73,43.34
3.8,18.34
4.8,26.88
1.81,26.37
6.04,36.38
9.62,53.79
5.3,48.62
5.89,44.06
10.19,79.31
8.47,64.64
5.89,49.4
3.09,17.21
10.62,99.71
6.92,40.63
2.65,25.68
3.23,32.26
9.64,69.5
0.53,0.0
11.91,100.0
1.56,2.61
9.55,70.36
4.74,46.77
5.91,47.6
10.57,66.57
4.95,57.11
6.45,46.3
0.59,0.71
0.03,2.78
2.94,29.75
8.17,84.95
1.46,0.0
1.37,19.18
4.93,46.88
7.77,60.82
8.54,76.23
2.14,26.47
0.96,0.0
11.28,100.0
3.13,9.44
10.24,70.57
10.36,80.28
9.27,93.41
2.03,13.13
9.86,78.57
9.23,88.17
7.16,54.28
4.05,20.59
3.15,21.03
1.46,25.41
6.12,49.65
7.02,75.49
4.31,41.88
5.7,39.19
4.36,35.41
7.69,53.0
10.82,79.84
1.97,60.53
4.58,46.8
1.69,22.13
7.5,53.76
8.75,85.67
11.18,100.0
3.35,45.59
11.4,100.0
0.76,0.0
7.24,46.79
0.69,0.0
10.73,76.36
6.36,54.1
8.03,58.59
9.98,100.0
1.8,33.48
0.46,3.64
10.55,100.0
3.78,45.11
1.55,7.87
5.62,24.88
7.18,55.26
0.37,0.0
3.3,28.46
0.39,4.04
5.04,40.98
10.74,91.17
11.79,82.21
7.64,65.27
1.94,11.12
10.87,88.96
6.19,59.13
1.84,2.52
11.06,85.67
9.09,71.53
8.78,65.1
8.51,77.08
2.4,12.03
2.53,14.7
8.26,58.98
2.64,32.01
5.26,37.19
9.38,79.67
9.41,95.02
5.44,42.76
9.51,87.17
10.06,97.22
7.86,73.13
2.74,21.76
3.29,32.73
3.78,17.35
1.4,3.41
3.28,20.18
2.51,42.52
5.46,35.59
10.9,78.94
1.25,0.0
8.64,74.74
8.25,67.41
1.15,20.06
11.07,95.28
6.82,40.77
4.36,26.84
9.08,86.28
3.09,22.67
8.32,78.45
0.48,2.32
10.07,70.91
5.38,39.99
7.64,51.44
2.65,15.58
8.12,67.01
9.27,79.25
5.68,29.53
7.41,59.13
5.48,37.94
10.73,79.35
5.97,49.12
10.1,75.31
9.62,90.75
4.93,51.29
2.76,33.91
4.87,34.03
9.91,69.69
2.73,22.67
6.29,48.84
9.67,71.3
4.24,22.18
7.71,61.24
2.95,19.54
1.31,17.37
9.53,82.91
1.19,20.51
3.26,13.46
10.26,86.1
4.16,25.99
11.68,81.21
11.76,89.77
3.22,36.44
0.49,0.21
8.46,83.34
5.41,48.78
1.21,5.73
8.49,79.52
0.37,7.45
10.44,74.21
1.66,31.9
1.53,14.82
2.11,17.05
11.52,83.63
8.32,78.34
9.62,82.1
4.77,44.47
4.04,27.21
2.81,30.85
5.77,55.26
6.62,46.29
7.58,46.48
3.09,30.5
11.38,75.34
2.04,17.82
11.59,88.23
0.18,13.61
5.77,42.26
4.0,43.08
5.39,37.97
6.85,64.78
5.23,62.42
4.98,29.14
8.79,73.26
8.23,93.33
10.0,80.66
3.0,24.61
7.31,66.4
7.02,56.59
4.44,18.42
5.83,57.98
3.77,10.09
1.7,9.45
2.57,32.6
1.27,6.56
8.2,58.64
7.93,72.22
11.41,82.75
8.76,57.83
0.62,7.74
10.61,83.06
10.35,70.38
5.32,48.93
7.03,60.89
11.71,90.11
6.39,48.19
10.86,91.61
1.0,19.88
2.29,15.51
5.29,48.86
7.02,61.79
9.79,87.15
11.86,95.27
4.67,28.21
0.57,0.0
9.61,80.34
7.25,76.21
2.38,14.22
5.94,55.55
8.91,67.98
9.24,75.06
6.0,63.12
3.66,36.94
11.68,81.07
7.96,57.96
4.9,51.75
3.37,28.34
8.77,58.7
2.91,15.06
2.06,23.52
6.36,60.81
3.48,28.02
7.55,85.13
1.42,19.56
7.86,60.44
3.4,19.04
0.0,0.0
1.52,15.54
11.2,84.74
10.41,100.0
2.8,37.09
9.34,81.05
7.3,46.63
11.65,86.48
4.48,48.42
8.18,59.79
0.76,17.32
4.75,42.79
11.57,93.04
6.47,44.71
3.45,26.69
1.44,13.44
8.44,77.86
7.74,53.05
4.49,33.27
11.41,91.74
0.27,8.76
3.64,20.07
11.05,75.26
3.85,37.55
3.03,9.04
6.41,64.13
9.89,77.53
1.24,0.0
11.32,85.73
9.54,80.12
2.18,12.07
8.54,68.55
4.62,44.36
4.83,36.6
9.4,65.83
11.55,89.44
1.52,26.31
5.05,57.23
5.77,25.97
4.52,47.04
4.36,37.37
0.63,14.26
8.23,60.31
5.23,24.19
2.34,24.55
9.79,68.93
9.63,63.16
5.84,33.51
3.58,34.66
7.66,62.65
3.46,35.49
2.83,29.35
8.77,65.92
0.48,3.17
1.14,3.98
0.08,0.0
1.84,5.01
0.83,10.53
11.95,100.0
3.47,19.56
1.79,27.14
2.89,24.27
11.23,92.28
6.24,32.94
4.38,16.95
10.48,85.29
4.74,45.82
4.02,25.45
2.49,36.6
4.53,43.62
3.8,21.32
8.13,65.33
3.47,52.57
6.93,42.99
0.79,11.61
2.3,15.14
4.89,46.18
11.24,100.0
4.53,32.35
7.97,74.94
3.06,46.7
1.52,12.86
0.7,13.47
3.66,23.42
1.89,15.33
2.09,14.94
9.13,81.0
0.19,13.57
6.69,52.45
4.55,51.76
6.08,63.93
6.75,62.5
3.76,24.92
3.54,22.21
8.8,62.28
10.46,93.13
2.31,6.37
1.17,16.14
10.77,75.38
4.2,41.83
6.62,53.1
4.31,47.85
1.51,23.49
7.07,70.93
6.3,65.02
2.44,20.92
5.42,31.79
9.56,65.98
7.09,35.81
1.16,0.0
6.58,53.3
8.43,61.87
9.51,74.3
7.55,65.32
1.83,11.61
8.52,56.96
8.13,64.49
0.29,0.0
4.94,36.82
4.0,45.39
8.03,61.56
2.59,38.46
7.09,71.04
10.96,81.87
9.57,65.48
11.06,87.93
11.74,100.0
0.13,0.0
7.47,68.86
4.95,51.72
10.32,74.81
3.02,17.41
11.77,100.0
7.36,60.43
9.52,69.32
1.03,4.7
2.2,16.91
9.1,57.16
0.26,9.77
9.8,73.63
0.17,0.0
7.89,62.84
4.38,27.63
7.34,75.59
8.35,60.96
4.11,21.9
1.3,15.44
0.84,0.08
7.07,48.74
6.25,55.08
8.91,60.85
6.12,34.36
5.07,57.81
4.78,44.01
0.32,0.0
4.03,32.18
11.71,98.76
10.48,93.59
3.95,24.06
7.05,60.09
10.17,76.27
5.3,40.47
0.22,3.33
0.89,7.09
6.12,56.35
11.63,97.94
8.32,51.47
0.85,0.0
2.27,14.48
9.26,92.33
10.1,72.26
7.41,57.22
7.73,56.5
0.34,0.0
9.94,81.32
9.46,89.68
3.11,29.43
8.5,60.0
2.58,48.16
0.48,4.66
2.41,13.54
2.14,31.27
4.05,27.73
5.02,56.8
6.1,40.11
5.72,60.07
3.25,28.0
0.35,15.71
7.26,77.11
4.75,26.67
3.58,41.43
10.4,69.14
8.96,61.22
10.29,74.31
5.94,52.55
1.57,12.9
8.35,65.17
2.47,21.25
5.29,48.27
0.78,12.92
9.9,90.17
1.51,30.29
10.84,86.48
10.37,77.76
5.57,50.74
8.93,60.02
7.43,52.68
9.64,87.09
5.18,40.21
9.43,63.36
5.55,29.5
11.29,90.82
5.84,58.11
5.55,55.7
9.42,76.48
9.86,98.96
6.65,52.18
2.16,15.87
5.61,19.23
11.62,88.46
9.04,80.81
9.73,93.51
0.39,0.0
5.61,49.54
7.76,72.54
9.96,79.8
0.59,0.0
10.23,84.31
6.58,60.26
2.37,9.47
3.81,27.91
3.38,15.51
6.37,25.26
0.62,15.23
1.9,15.18
9.75,94.0
1.59,21.3
2.8,18.86
5.44,42.69
6.21,55.31
9.16,82.98
5.37,46.17
9.48,86.88
7.42,56.39
1.36,0.89
1.88,14.36
5.24,44.01
4.76,26.09
8.92,58.01
6.97,60.22
4.66,33.2
2.05,14.73
2.72,18.18
6.91,70.45
5.08,53.27
6.18,37.06
2.05,11.06
7.95,72.14
10.23,87.86
3.1,24.35
5.9,35.81
11.71,86.83
4.0,26.82
7.14,59.89
1.08,25.7
7.27,51.31
1.08,0.0
11.51,91.0
8.59,79.02
9.46,61.19
8.45,82.13
7.08,54.89
5.4,35.85
10.3,66.4
11.48,98.92
5.99,46.2
11.18,91.13
7.0,46.99
6.46,48.49
5.45,38.76
2.51,19.09
0.04,0.0
2.9,7.84
6.12,76.22
4.56,22.84
5.38,44.87
11.77,76.42
4.2,13.66
5.43,44.39
1.6,14.56
0.58,17.22
9.3,78.43
6.85,53.29
9.13,63.53
1.8,29.38
6.86,64.18
3.04,11.89
2.74,22.27
0.14,2.55
1.56,9.06
3.71,37.41
1.4,19.54
11.83,92.74
3.7,26.82
1.56,27.5
2.39,28.44
7.05,57.14
0.77,0.0
10.35,86.23
11.54,99.28
2.96,0.0
5.4,45.73
0.27,0.0
7.69,59.3
4.97,30.66
3.24,24.44
2.48,33.78
7.85,58.32
4.99,49.61
2.16,9.18
8.27,73.74
6.78,54.26
10.3,85.95
1.41,11.35
9.43,81.84
8.08,38.98
1.38,0.0
8.34,70.87
5.3,21.95
11.34,85.41
1.7,13.05
7.71,53.43
4.58,29.75
11.48,94.57
3.96,41.77
11.55,82.79
10.82,80.79
3.24,18.64
9.64,52.93
11.95,97.0
3.03,33.6
5.24,52.1
6.24,41.23
3.54,15.8
0.18,1.68
2.64,29.43
3.38,28.61
5.32,45.48
2.05,27.84
10.48,76.44
8.46,65.47
1.02,24.53
7.8,60.44
7.84,50.08
11.47,85.1
0.04,0.0
2.98,27.37
11.13,80.11
11.19,92.2
8.65,61.82
9.19,52.28
1.1,11.85
6.17,50.82
2.78,27.41
2.17,10.67
9.72,69.99
1.62,16.98
5.62,60.18
11.26,90.22
2.23,22.09
11.74,90.67
11.93,80.02
6.67,63.01
2.04,25.42
3.79,37.45
5.09,38.93
3.71,35.67
3.37,35.88
11.67,100.0
1.84,24.61
8.8,71.04
0.0,0.0
7.15,58.79
10.99,90.5
3.46,34.73
2.23,31.35
7.82,61.61
8.55,89.42
8.26,48.46
3.83,34.85
3.03,16.23
11.47,72.7
11.08,86.62
5.49,29.33
10.15,79.62
5.43,43.77
5.09,51.93
1.88,0.0
5.12,50.02
6.45,52.57
0.27,12.45
5.33,38.32
9.38,61.69
8.16,53.11
7.62,48.06
10.91,92.1
0.22,16.5
6.68,47.83
9.45,81.88
6.5,36.73
3.89,32.9
1.64,19.77
10.65,70.72
5.65,43.15
10.54,91.46
7.03,26.9
8.09,78.08
9.65,80.75
7.91,70.45
4.78,34.09
6.16,32.08
9.64,82.43
4.48,35.04
4.66,37.58
1.15,20.06
10.98,95.42
1.09,27.95
7.78,63.77
4.96,32.75
4.87,37.06
8.15,69.39
0.81,16.6
7.12,42.33
9.26,74.2
9.94,95.6
2.05,13.97
10.77,95.46
7.87,67.92
10.58,94.22
5.82,38.49
6.5,43.98
11.03,88.43
10.8,71.07
5.38,40.33
3.29,28.87
4.72,55.59
4.65,41.25
3.44,33.79
3.22,37.43
10.33,73.02
0.84,5.06
8.13,89.3
2.07,15.8
4.13,44.24
0.74,15.55
3.24,11.14
9.22,76.87
10.62,86.43
2.66,24.57
5.56,36.96
5.64,33.98
10.48,79.1
9.15,72.25
6.16,61.11
8.05,82.56
10.17,95.31
0.11,9.52
4.83,28.63
10.89,83.01
8.88,73.17
6.51,45.79
6.36,56.62
4.17,40.59
6.25,55.33
7.86,73.17
5.02,31.12
8.57,77.89
10.33,75.72
1.86,5.44
5.42,48.67
4.9,51.33
8.25,70.88
3.0,24.2
7.68,64.57
10.53,85.6
5.02,28.88
10.93,75.03
11.92,94.56
1.27,10.98
2.8,22.49
11.4,98.0
11.5,89.84
1.17,15.01
0.18,0.0
1.93,33.7
11.95,96.42
2.16,40.69
6.03,51.76
10.18,79.31
0.24,0.0
7.25,43.6
3.32,16.68
10.35,73.99
3.4,31.16
8.24,60.67
8.09,66.59
2.66,34.08
0.42,2.46
4.91,60.08
3.47,16.0
9.71,76.16
9.6,71.44
5.48,53.24
7.28,35.83
7.25,43.58
9.93,78.33
5.1,56.31
3.31,28.7
3.18,11.93
6.43,39.5
5.39,59.85
5.28,36.04
1.09,0.0
8.62,83.76
2.56,30.63
2.36,31.65
4.95,30.12
2.73,6.62
7.01,57.38
4.46,39.01
5.39,46.74
6.45,66.35
2.44,2.2
1.87,23.55
10.57,73.55
5.2,50.19
4.95,34.81
0.43,0.0
5.98,41.71
6.65,38.74
6.71,54.05
8.48,60.15
2.13,24.9
3.03,30.61
9.73,94.71
11.37,94.59
1.63,18.26
5.97,61.78
2.57,14.28
0.72,0.0
3.91,33.25
1.72,0.0
8.52,92.69
6.4,65.79
1.73,35.45
0.11,1.51
9.7,83.09
2.11,12.32
7.27,67.03
4.04,20.19
7.03,30.78
3.79,22.4
1.04,0.0
2.68,36.18
2.26,36.21
5.14,27.06
7.9,76.11
3.17,34.84
0.14,0.0
6.23,45.92
7.27,52.35
11.55,99.92
7.07,44.3
5.65,44.24
6.88,48.19
11.13,93.81
9.94,77.36
3.88,25.65
2.85,20.64
3.15,45.57
6.05,44.26
8.93,61.02
6.04,54.14
0.81,5.07
8.68,55.31
9.67,99.69
3.47,24.27
7.97,59.98
5.12,42.55
10.67,100.0
10.14,64.34
6.31,53.2
8.3,87.26
10.6,86.09
5.95,35.24
3.76,23.89
9.04,74.42
2.64,34.43
4.66,33.91
10.39,91.38
8.69,55.19
4.85,24.33
2.58,15.79
4.27,48.55
3.41,27.96
2.11,19.8
8.92,74.14
3.02,35.29
5.45,37.5
4.63,43.93
11.78,85.97
4.69,57.38
0.96,0.0
1.08,0.0
7.09,62.21
7.19,58.34
5.03,43.47
5.18,43.73
0.65,0.0
6.2,65.72
6.06,57.39
1.79,27.95
1.25,4.69
1.48,16.03
1.21,11.67
7.32,69.81
2.36,30.46
3.02,26.07
2.08,1.48
11.49,100.0
10.26,87.6
2.77,16.04
3.93,35.51
2.52,5.04
5.9,57.77
0.24,0.0
8.06,62.24
6.28,52.67
10.78,96.66
1.97,16.85
9.65,83.54
9.5,75.75
1.53,11.89
4.78,39.12
2.04,14.44
3.06,7.59
3.16,17.59
6.67,55.85
4.94,37.0
11.37,89.42
1.52,8.9
11.68,84.84
2.77,17.21
9.27,71.13
4.07,32.59
1.72,17.67
10.29,80.55
3.71,19.35
7.91,49.27
6.8,80.35
5.66,33.99
5.95,42.41
8.79,75.46
1.05,12.03
8.02,69.35
10.75,81.57
0.69,7.93
1.69,14.12
8.6,65.68
5.25,44.43
4.84,49.29
1.64,12.93
6.08,48.49
1.52,22.83
5.72,55.37
9.16,89.15
3.1,7.23
5.77,55.21
11.9,100.0
8.24,57.06
10.1,83.29
4.98,50.34
9.21,65.42
0.49,8.31
1.47,20.51
2.44,8.78
4.82,37.16
10.15,84.2
4.16,25.28
7.86,54.05
8.51,66.74
7.03,64.29
4.29,40.73
6.92,46.78
4.11,39.38
1.01,0.0
11.91,79.21
1.53,8.54
0.87,18.18
10.54,90.9
3.62,28.96
7.8,58.26
3.95,27.69
4.7,38.67
3.15,14.48
4.12,29.45
4.93,37.27
8.64,55.65
6.14,40.72
11.32,94.69
0.5,4.12
6.04,45.21
7.01,46.97
11.04,100.0
0.59,0.0
6.88,57.57
10.24,77.07
2.9,23.59
10.52,88.7
0.23,0.0
8.79,70.25
11.2,100.0
7.89,80.71
5.27,40.85
0.54,4.73
11.04,100.0
5.64,56.5
0.35,0.0
8.28,60.03
5.78,55.82
1.49,1.83
2.57,31.45
0.77,9.53
6.89,60.31
7.46,57.15
6.07,42.25
9.81,93.06
10.33,80.19
7.39,54.99
0.15,0.42
8.34,68.67
5.02,29.82
6.79,48.64
7.79,56.13
4.2,42.08
11.01,79.18
1.61,0.0
8.06,44.79
0.05,0.0
11.1,100.0
1.35,10.96
1.14,14.12
4.0,37.33
4.48,36.42
2.57,19.82
7.02,66.62
5.31,43.98
0.41,17.27
3.84,36.89
9.73,71.62
8.28,61.24
8.7,62.31
8.38,79.19
3.73,25.8
1.2,1.58
3.27,29.35
9.98,78.88
11.77,97.07
5.93,66.31
0.12,10.06
1.68,13.71
3.86,16.84
6.94,50.54
0.9,14.32
11.32,78.85
4.38,56.46
10.95,87.75
9.37,75.42
9.07,65.86
7.28,63.21
7.52,48.59
7.66,82.9
7.54,73.53
6.64,63.0
11.84,80.79
8.79,72.35
9.32,86.68
10.47,89.69
2.59,10.68
1.01,1.54
5.79,41.84
6.17,43.32
9.95,94.89
5.33,23.39
6.85,61.36
6.32,37.68
0.46,0.0
7.38,38.96
9.94,74.0
1.89,30.23
7.13,59.7
7.12,45.0
1.97,25.93
1.48,24.17
11.76,95.13
4.72,58.14
2.73,30.05
2.06,23.27
8.01,56.06
7.31,64.78
7.72,63.95
1.06,13.65
10.72,78.93
4.67,38.65
3.76,21.91
5.55,22.92
4.68,47.43
10.36,67.88
11.15,90.28
3.64,32.46
10.37,86.2
9.38,72.2
11.17,92.07
2.95,28.3
6.92,62.74
3.29,43.69
9.89,81.46
0.06,1.15
6.78,45.16
4.07,36.92
3.87,37.65
7.74,59.99
10.22,87.19
7.31,55.56
10.24,88.61
3.18,34.53
6.23,58.86
5.41,44.43
0.14,0.0
6.68,47.33
7.94,69.46
7.1,81.31
8.84,67.28
6.86,59.41
0.8,0.85
1.4,1.44
7.16,50.5
3.3,5.57
0.96,21.18
5.16,18.94
6.65,50.58
3.94,19.78
8.65,60.32
7.73,75.57
3.99,33.96
9.06,62.81
7.78,56.38
7.65,53.54
6.64,52.69
0.14,2.82
8.36,85.82
4.51,16.94
11.31,90.14
9.82,75.37
7.05,65.88
3.03,27.76
2.44,25.46
4.08,36.13
5.72,36.43
3.55,40.53
6.18,57.42
1.98,25.03
11.73,100.0
1.3,14.54
11.18,100.0
10.96,91.48
6.3,48.24
8.7,69.53
5.23,41.62
7.56,55.29
4.09,49.01
3.61,31.87
6.94,56.46
5.98,51.7
6.95,85.43
3.44,16.2
4.4,26.78
1.01,0.0
0.63,2.69
3.04,26.79
0.89,2.47
1.25,4.57
9.76,79.47
0.47,0.0
7.91,66.36
3.27,37.31
10.46,90.44
5.82,55.37
3.67,40.19
6.21,52.52
4.58,35.08
6.77,46.45
1.37,7.08
11.96,90.47
5.11,48.17
4.18,36.9
8.52,75.15
4.37,23.33
10.0,94.31
5.45,39.34
8.63,58.08
1.29,5.92
10.15,100.0
8.83,66.75
2.54,17.07
1.74,12.03
3.8,28.88
11.71,85.89
3.08,26.09
5.47,54.54
0.36,6.02
4.77,27.02
6.86,51.4
11.44,85.98
6.2,50.14
9.83,91.94
6.57,51.04
0.49,3.03
3.78,48.02
6.91,64.01
11.41,97.0
10.31,100.0
2.74,26.82
2.64,1.27
2.41,27.64
11.07,72.64
10.23,86.38
9.3,57.25
4.71,33.03
6.05,44.78
5.57,36.87
3.04,20.84
6.06,58.81
0.37,0.0
1.58,18.11
10.64,75.46
9.02,70.27
5.07,43.83
6.21,39.68
4.44,22.4
8.89,76.03
9.41,86.51
9.16,72.48
8.67,64.8
2.45,21.19
4.06,33.0
5.64,47.53
3.97,6.47
9.06,61.78
3.95,23.17
1.66,14.78
4.79,40.17
11.76,100.0
2.71,24.26
7.35,45.76
5.2,56.04
0.85,19.54
5.85,34.25
8.43,70.73
6.16,43.31
10.47,85.11
3.47,38.27
1.03,29.58
11.24,97.42
4.54,39.26
6.92,51.94
9.5,77.85
3.89,44.73
8.59,68.3
1.63,4.14
3.5,11.77
1.74,19.02
9.73,80.35
2.67,14.92
8.61,79.13
11.32,86.34
6.33,49.32
6.48,51.68
5.53,40.75
3.91,33.64
5.71,57.18
7.23,46.44
11.83,99.54
11.25,91.75
10.35,84.3
10.67,94.07
5.61,45.41
7.89,67.92
10.74,93.09
4.72,32.68
11.54,95.32
4.99,37.41
7.21,56.38
8.52,64.92
11.41,95.97
2.94,24.3
8.95,75.57
6.25,49.82
3.22,9.74
9.32,74.87
6.63,53.65
7.93,65.88
3.87,25.06
5.78,34.25
7.41,65.51
4.86,36.14
2.38,20.76
11.54,89.5
6.14,49.04
8.81,65.96
4.93,29.78
4.26,38.83
4.89,33.06
4.91,40.92
6.53,56.35
6.52,46.3
5.97,35.69
1.62,37.2
5.95,42.35
2.03,22.47
1.51,31.5
11.19,97.43
7.26,55.07
7.91,62.64
4.82,30.25
10.91,96.08
7.66,66.9
9.23,68.7
4.42,24.96
11.52,78.95
9.85,88.63
10.25,83.18
2.07,18.68
3.25,17.78
3.43,12.79
3.25,35.63
10.26,82.54
0.38,12.13
0.91,3.45
3.29,23.93
2.4,26.32
2.78,29.58
9.58,84.58
6.76,51.11
0.07,6.7
5.15,52.31
4.89,38.11
1.37,5.8
8.11,78.34
8.43,60.86
8.65,75.5
8.74,69.35
0.0,0.0
11.45,100.0
9.77,50.59
10.85,66.94
0.19,6.78
11.21,94.92
9.72,71.36
10.05,81.85
1.12,0.0
8.87,77.99
11.52,94.65
8.14,64.68
6.85,54.98
11.35,95.71
5.32,42.23
7.19,38.79
5.72,67.69
11.19,100.0
0.91,0.0
6.01,44.66
8.24,63.59
9.5,86.81
7.0,34.38
10.91,82.27
11.3,72.82
0.77,3.32
4.83,33.9
0.28,3.05
3.95,25.58
6.44,44.03
10.93,93.63
10.16,85.82
1.53,17.75
1.12,7.16
7.07,50.85
6.39,49.89
3.2,30.58
10.79,64.58
11.13,92.97
4.83,41.74
10.68,86.09
4.61,35.37
8.84,45.07
5.71,41.29
1.47,29.66
11.14,89.21
5.45,40.52
8.81,70.68
4.41,38.8
0.23,8.4
1.21,7.36
5.95,51.89
8.28,83.0
4.02,42.2
8.35,90.17
8.38,60.5
8.45,84.34
5.91,39.38
10.98,91.36
5.87,54.29
5.4,38.12
2.39,20.02
3.69,38.64
0.51,0.0
7.6,77.51
2.98,10.01
3.65,48.6
9.25,84.01
3.93,30.52
2.91,19.22
2.03,11.16
9.3,73.03
1.56,11.97
5.45,56.11
6.08,68.35
8.25,67.98
7.6,52.34
9.73,72.37
0.54,2.47
3.56,18.16
3.36,15.1
1.75,34.99
3.47,30.79
3.72,21.41
6.26,58.27
7.96,51.93
4.57,25.63
8.63,61.04
4.03,48.82
3.48,25.34
6.49,27.54
0.28,14.38
0.96,4.6
5.02,21.63
11.31,87.35
8.66,74.48
1.06,12.5
10.16,99.23
8.79,61.77
7.33,59.12
9.84,71.75
4.85,23.37
2.66,30.12
6.14,53.79
6.59,55.53
6.46,55.95
6.78,47.39
11.38,81.02
10.83,86.99
10.51,95.68
9.62,93.02
11.32,98.52
1.18,9.75
3.18,28.15
5.94,47.64
10.16,71.01
6.06,48.74
8.98,58.46
1.67,12.1
3.03,40.59
8.78,78.48
1.98,6.58
4.22,33.01
3.18,17.08
4.2,32.96
8.5,78.41
4.41,41.84
6.66,78.15
1.2,21.52
9.66,79.32
4.44,42.28
7.78,60.23
8.7,58.36
2.52,33.19
10.62,95.02
7.39,56.75
5.14,43.9
2.19,29.91
11.31,98.92
9.06,57.86
2.5,22.41
4.05,30.74
9.72,88.86
8.35,77.1
9.19,86.7
5.29,31.18
8.6,60.94
4.64,48.24
2.54,14.36
7.59,45.52
11.71,99.02
3.73,24.35
5.53,62.15
8.09,67.67
6.5,53.59
10.12,77.28
9.14,89.04
0.7,9.18
11.98,91.76
9.03,64.29
10.37,82.2
7.81,52.74
10.28,92.49
1.35,0.0
4.17,31.99
10.52,90.24
2.42,22.78
0.94,0.34
9.46,82.26
10.03,71.35
1.95,15.39
10.25,88.54
8.24,70.56
6.24,43.18
9.96,91.68
5.03,41.11
2.33,26.05
3.42,42.64
6.06,59.67
6.38,62.21
9.67,79.26
9.5,83.91
6.98,57.95
9.37,62.86
2.3,21.44
0.6,7.37
10.48,89.71
0.91,5.97
2.96,16.07
8.34,73.32
4.91,26.17
10.52,98.71
3.58,26.29
0.14,3.59
3.61,34.45
6.94,61.4
4.51,22.0
6.42,59.59
10.52,87.18
10.95,81.25
3.19,18.04
5.55,41.02
6.59,39.73
11.39,100.0
11.98,100.0
2.82,27.12
8.72,67.56
4.54,34.32
0.1,8.36
0.11,18.47
5.53,38.51
5.86,35.7
0.27,17.64
8.24,48.07
3.53,18.14
6.72,51.28
3.61,13.28
2.01,27.17
4.89,47.66
2.79,16.55
6.42,64.14
2.39,33.58
6.1,47.68
1.89,10.6
8.05,87.01
9.05,79.59
1.32,13.16
5.61,58.54
0.85,9.82
7.18,52.37
3.17,26.18
6.33,61.04
6.21,29.75
11.09,85.86
6.59,66.54
7.0,50.85
4.82,54.02
11.39,100.0
9.33,73.95
3.42,21.71
10.13,78.17
5.19,68.16
9.94,98.3
9.87,80.25
2.27,12.05
8.41,68.48
3.49,30.34
3.57,16.13
3.56,29.25
8.71,82.88
2.76,4.07
0.01,8.35
8.58,82.41
2.05,10.83
1.25,26.97
2.85,15.9
4.56,40.88
5.71,42.62
0.53,1.21
11.65,87.0
8.59,75.73
3.88,39.51
3.82,29.95
5.38,29.46
7.51,64.15
1.76,18.27
2.27,15.97
10.31,100.0
3.08,8.96
4.56,14.33
10.46,76.33
7.96,70.77
4.1,22.25
8.2,55.83
0.24,11.4
8.83,75.25
5.84,50.52
9.76,85.88
11.46,87.39
11.11,85.09
10.91,95.39
6.15,35.72
4.32,13.15
5.58,40.31
8.28,75.54
10.61,87.42
2.48,28.44
11.02,67.98
9.78,81.41
11.75,100.0
10.56,71.0
3.36,35.49
1.27,9.06
1.35,41.49
3.49,6.19
7.37,72.65
9.65,73.27
10.79,70.16
7.49,54.61
0.07,3.32
2.24,28.26
1.2,26.79
4.36,49.1
6.02,38.48
0.52,15.47
4.18,37.37
2.15,10.66
7.76,60.0
5.57,37.47
5.94,47.92
5.13,33.76
11.47,81.5
2.58,25.41
6.2,55.89
8.83,68.78
6.68,67.13
11.15,86.58
4.54,33.26
5.56,51.12
1.06,7.17
7.31,59.31
3.46,2.46
1.92,15.56
6.53,34.0
6.39,38.89
0.91,0.0
8.38,56.6
7.49,54.39
2.27,13.28
5.63,51.71
8.64,71.37
6.35,31.82
4.75,38.8
3.87,34.13
7.32,55.31
11.27,89.55
8.06,66.39
0.9,14.82
5.53,28.48
10.69,83.08
1.13,24.15
11.87,100.0
11.39,99.62
0.94,12.88
11.2,100.0
4.36,54.04
10.14,79.8
5.02,30.47
5.29,39.62
7.61,91.85
9.29,58.66
0.41,0.0
7.12,42.82
2.24,19.17
4.15,21.18
4.18,32.32
5.63,25.53
4.01,38.25
1.29,22.53
1.75,10.14
0.4,1.86
5.64,43.51
11.45,93.44
1.39,10.72
11.36,98.52
8.8,82.73
7.65,53.06
7.74,58.85
9.92,88.38
1.28,0.0
6.06,28.75
8.37,69.18
7.04,61.3
9.99,72.72
0.87,1.15
8.29,58.71
6.41,42.6
4.55,43.33
4.08,20.86
7.45,56.94
10.69,76.48
5.95,33.08
9.9,87.88
4.83,33.41
1.23,11.71
0.74,0.0
0.62,0.0
4.56,44.06
4.05,58.25
8.62,49.16
8.91,69.3
0.61,9.0
2.65,15.07
3.29,34.82
6.57,43.9
1.73,15.41
1.61,7.64
11.33,100.0
9.65,70.44
2.17,13.82
4.88,48.49
4.27,23.86
9.49,76.62
6.12,30.76
1.53,1.39
8.87,74.76
4.76,28.19
3.16,19.79
4.51,40.98
5.97,41.99
4.12,41.17
2.9,25.38
4.78,42.61
0.23,14.25
9.27,77.36
2.05,31.8
0.53,13.33
7.84,57.52
9.29,87.23
9.77,80.77
5.92,43.43
2.46,22.5
8.85,81.9
8.4,71.72
2.96,41.87
10.84,97.59
1.25,15.25
11.79,84.08
10.32,80.79
8.25,66.75
11.26,97.09
8.67,75.72
2.29,19.98
5.31,43.65
0.86,14.07
4.68,28.82
8.9,88.15
4.64,16.63
3.96,46.26
7.14,56.7
10.47,93.76
0.57,8.21
4.63,40.47
1.9,20.73
8.34,74.84
1.27,6.86
7.98,74.17
3.43,16.63
2.39,19.04
11.24,98.25
0.22,11.73
5.25,46.63
0.26,0.0
5.8,55.39
6.01,41.41
3.86,48.39
1.59,11.84
4.52,20.74
8.07,52.59
9.39,75.55
6.37,52.35
7.08,76.32
2.41,8.87
3.45,27.98
1.94,4.95
2.99,19.01
2.7,38.43
6.23,38.5
6.75,59.89
11.34,94.64
2.35,18.53
7.7,66.8
9.81,66.86
6.72,70.35
3.06,43.73
3.15,25.68
0.47,28.0
3.67,25.33
8.94,75.49
0.57,18.88
2.63,16.46
8.47,53.98
9.39,59.02
5.46,64.32
8.38,61.72
4.66,35.39
1.92,4.22
4.78,47.71
6.96,47.86
11.38,86.1
0.83,9.6
6.09,38.07
3.95,29.79
6.1,62.82
0.29,6.58
3.76,31.36
9.84,80.86
6.65,49.29
5.41,63.22
3.43,19.29
3.58,30.72
4.6,37.93
10.03,90.3
11.61,100.0
5.26,41.79
4.72,40.67
10.16,84.55
5.12,18.26
6.62,37.1
2.77,16.12
8.92,65.76
6.38,39.08
9.71,85.16
9.37,74.97
2.58,18.49
8.59,56.14
9.6,76.36
4.15,6.96
2.07,14.94
0.03,0.88
5.41,45.71
4.23,18.19
6.66,55.52
2.26,7.64
10.32,74.4
3.09,31.92
2.72,41.88
5.77,46.66
5.99,39.72
2.58,22.53
3.26,35.49
2.04,22.5
8.62,96.4
9.24,66.78
5.55,46.91
8.57,84.04
8.83,85.51
1.66,0.0
11.59,92.72
9.85,93.66
2.45,48.54
2.23,24.91
1.51,8.38
1.66,3.19
8.98,94.01
5.64,52.37
9.4,66.68
8.96,69.61
7.26,61.14
8.24,71.33
0.22,0.0
3.74,23.79
7.65,44.7
0.11,11.29
0.4,0.0
10.22,86.44
8.21,79.89
3.18,27.67
8.26,64.91
9.51,78.02
3.68,30.08
0.43,15.92
11.19,92.66
4.14,27.69
1.28,20.7
5.9,59.52
9.22,60.39
2.66,36.61
3.23,29.52
2.91,26.13
11.9,100.0
2.37,13.28
6.91,64.79
11.1,85.06
1.76,0.0
11.65,83.22
11.37,96.63
10.61,75.46
2.57,36.7
7.61,72.76
9.13,86.38
11.83,95.91
2.17,19.9
9.19,61.6
4.07,42.48
2.11,20.66
5.06,46.13
9.53,93.09
5.58,38.57
6.45,50.34
11.94,98.8
4.79,28.96
7.38,57.2
4.38,39.99
4.71,34.45
8.35,79.87
11.25,74.93
6.51,63.29
9.22,80.38
1.07,2.88
2.53,11.03
6.03,27.4
0.24,0.0
3.03,34.75
6.21,49.11
0.18,13.07
3.17,19.2
6.17,56.42
6.88,47.85
11.11,79.22
7.74,60.88
4.98,33.16
11.16,73.89
9.42,73.53
2.4,20.27
1.57,25.24
8.11,74.25
6.72,65.95
9.48,83.01
8.87,74.25
7.5,47.73
11.84,96.19
6.4,57.19
1.36,25.43
9.94,86.38
3.02,36.58
9.33,64.3
11.49,88.62
8.36,71.19
7.15,68.83
5.52,42.74
4.37,34.16
4.24,40.76
7.64,49.83
9.02,88.2
8.14,56.35
2.38,0.0
5.93,47.52
9.5,92.98
5.71,51.53
6.44,59.03
9.25,74.44
7.94,61.96
4.91,23.85
10.74,63.37
1.95,17.57
11.95,100.0
1.43,14.85
0.18,7.67
10.68,100.0
2.94,26.8
8.76,68.82
9.73,69.67
10.31,100.0
11.9,100.0
3.53,18.79
8.52,56.47
1.38,23.61
4.88,28.68
10.18,99.94
4.41,7.73
7.09,70.97
6.05,53.23
7.75,63.2
11.67,91.64
0.67,24.26
6.89,62.17
10.36,73.82
5.78,29.02
0.94,9.31
6.73,53.8
3.98,16.68
1.86,14.32
10.19,75.77
6.26,50.17
11.2,96.85
9.67,92.3
8.32,75.61
0.06,0.0
5.13,44.76
2.37,19.59
10.93,74.12
2.1,20.74
3.43,46.03
6.2,49.94
3.16,9.34
2.52,20.45
7.19,45.38
1.07,17.17
0.7,10.83
4.47,34.03
8.65,65.87
6.66,51.14
5.07,40.68
6.79,46.59
4.39,21.21
11.23,100.0
0.66,1.42
8.08,66.32
10.7,88.42
9.65,80.39
2.21,5.93
3.55,11.65
8.6,62.95
1.01,12.05
9.74,70.66
8.63,65.47
8.76,91.32
1.2,0.0
8.61,61.35
8.16,84.23
9.97,79.32
0.5,0.0
0.28,13.91
4.48,36.36
1.79,10.8
6.7,55.53
11.01,81.48
4.7,27.41
10.14,79.98
0.0,0.0
2.02,16.28
0.37,6.46
3.94,40.03
10.9,98.47
1.16,5.25
7.28,63.21
5.42,48.27
11.26,93.37
1.47,6.97
2.54,10.07
0.35,7.86
5.21,24.59
3.33,23.99
10.44,57.97
7.26,44.71
7.37,50.18
6.38,62.03
1.1,15.7
5.34,37.18
11.99,100.0
10.02,89.06
10.72,84.17
9.88,65.19
1.24,7.81
2.73,20.86
0.04,0.0
3.64,32.81
1.3,13.22
5.67,49.84
8.13,67.79
10.49,91.25
8.99,70.13
11.26,92.12
0.65,1.2
0.15,0.0
7.94,76.87
3.47,7.34
3.04,33.1
3.97,25.56
3.24,18.4
6.14,51.71
5.28,27.36
6.15,41.03
8.07,56.09
4.65,34.95
3.02,16.08
1.99,31.97
4.19,51.52
8.9,50.99
9.08,78.09
8.0,72.61
2.81,27.9
7.06,49.88
6.85,52.35
5.81,39.01
6.6,48.6
5.9,35.11
6.79,53.14
8.59,53.66
1.32,8.52
9.0,59.48
1.63,15.11
0.8,0.0
11.71,96.61
11.48,100.0
0.73,21.7
5.32,17.27
2.23,9.54
5.82,43.56
9.96,84.3
11.41,74.76
7.61,51.07
4.25,35.28
7.24,58.77
3.74,33.73
10.92,91.78
10.44,86.94
6.7,55.53
3.9,31.74
3.52,34.81
0.4,0.0
9.79,93.76
5.4,21.19
3.9,20.42
5.65,42.96
9.82,85.32
1.5,0.0
10.29,82.05
10.77,94.08
11.36,100.0
4.77,31.19
2.61,17.84
